<routes xmlns:xsi="http://www.w3.org/2001/XMLSchema-instance" xsi:noNamespaceSchemaLocation="http://sumo.dlr.de/xsd/routes_file.xsd">
    <vType id="SUMO_DEFAULT_TYPE" accel="0.8" decel="4.5" sigma="0" length="5" minGap="2" maxSpeed="70"/>
    <route id="always_right" edges="1fi 1si 4o 4fi 4si 2o 2fi 2si 3o 3fi 3si 1o 1fi"/>
    <route id="always_left" edges="3fi 3si 2o 2fi 2si 4o 4fi 4si 1o 1fi 1si 3o 3fi"/>
    <route id="horizontal" edges="2fi 2si 1o 1fi 1si 2o 2fi"/>
    <route id="vertical" edges="3fi 3si 4o 4fi 4si 3o 3fi"/>

    
    <vehicle id="left_0" type="SUMO_DEFAULT_TYPE" route="vertical" depart="0" />
    <vehicle id="left_1" type="SUMO_DEFAULT_TYPE" route="vertical" depart="2" />
    <vehicle id="right_2" type="SUMO_DEFAULT_TYPE" route="horizontal" depart="3" />
    <vehicle id="down_3" type="SUMO_DEFAULT_TYPE" route="always_right" depart="4" color="1,0,0"/>
    <vehicle id="left_4" type="SUMO_DEFAULT_TYPE" route="vertical" depart="10" />
    <vehicle id="right_5" type="SUMO_DEFAULT_TYPE" route="horizontal" depart="11" />
    <vehicle id="down_6" type="SUMO_DEFAULT_TYPE" route="always_right" depart="16" color="1,0,0"/>
    <vehicle id="right_7" type="SUMO_DEFAULT_TYPE" route="horizontal" depart="22" />
    <vehicle id="left_8" type="SUMO_DEFAULT_TYPE" route="vertical" depart="22" />
    <vehicle id="right_9" type="SUMO_DEFAULT_TYPE" route="horizontal" depart="25" />
    <vehicle id="right_10" type="SUMO_DEFAULT_TYPE" route="horizontal" depart="31" />
    <vehicle id="down_11" type="SUMO_DEFAULT_TYPE" route="always_left" depart="31" color="1,0,0"/>
    <vehicle id="right_12" type="SUMO_DEFAULT_TYPE" route="horizontal" depart="34" />
    <vehicle id="right_13" type="SUMO_DEFAULT_TYPE" route="horizontal" depart="40" />
    <vehicle id="left_14" type="SUMO_DEFAULT_TYPE" route="vertical" depart="41" />
    <vehicle id="right_15" type="SUMO_DEFAULT_TYPE" route="horizontal" depart="44" />
    <vehicle id="left_16" type="SUMO_DEFAULT_TYPE" route="vertical" depart="49" />
    <vehicle id="right_17" type="SUMO_DEFAULT_TYPE" route="horizontal" depart="56" />
    <vehicle id="right_18" type="SUMO_DEFAULT_TYPE" route="horizontal" depart="63" />
    <vehicle id="right_19" type="SUMO_DEFAULT_TYPE" route="horizontal" depart="64" />
    <vehicle id="left_20" type="SUMO_DEFAULT_TYPE" route="vertical" depart="67" />
    <vehicle id="right_21" type="SUMO_DEFAULT_TYPE" route="horizontal" depart="69" />
    <vehicle id="down_22" type="SUMO_DEFAULT_TYPE" route="always_left" depart="72" color="1,0,0"/>
    <vehicle id="left_23" type="SUMO_DEFAULT_TYPE" route="vertical" depart="74" />
    <vehicle id="right_24" type="SUMO_DEFAULT_TYPE" route="horizontal" depart="81" />
    <vehicle id="down_25" type="SUMO_DEFAULT_TYPE" route="always_left" depart="85" color="1,0,0"/>
    <vehicle id="right_26" type="SUMO_DEFAULT_TYPE" route="horizontal" depart="92" />
    <vehicle id="down_27" type="SUMO_DEFAULT_TYPE" route="always_left" depart="98" color="1,0,0"/>
    <vehicle id="down_28" type="SUMO_DEFAULT_TYPE" route="always_right" depart="103" color="1,0,0"/>
    <vehicle id="down_29" type="SUMO_DEFAULT_TYPE" route="always_right" depart="106" color="1,0,0"/>
    <vehicle id="right_30" type="SUMO_DEFAULT_TYPE" route="horizontal" depart="115" />
    <vehicle id="left_31" type="SUMO_DEFAULT_TYPE" route="vertical" depart="117" />
    <vehicle id="left_32" type="SUMO_DEFAULT_TYPE" route="vertical" depart="120" />
    <vehicle id="left_33" type="SUMO_DEFAULT_TYPE" route="vertical" depart="123" />
    <vehicle id="left_34" type="SUMO_DEFAULT_TYPE" route="vertical" depart="125" />
    <vehicle id="right_35" type="SUMO_DEFAULT_TYPE" route="horizontal" depart="126" />
    <vehicle id="right_36" type="SUMO_DEFAULT_TYPE" route="horizontal" depart="127" />
    <vehicle id="left_37" type="SUMO_DEFAULT_TYPE" route="vertical" depart="129" />
    <vehicle id="down_38" type="SUMO_DEFAULT_TYPE" route="always_left" depart="129" color="1,0,0"/>
    <vehicle id="right_39" type="SUMO_DEFAULT_TYPE" route="horizontal" depart="132" />
    <vehicle id="down_40" type="SUMO_DEFAULT_TYPE" route="always_right" depart="135" color="1,0,0"/>
    <vehicle id="left_41" type="SUMO_DEFAULT_TYPE" route="vertical" depart="137" />
    <vehicle id="right_42" type="SUMO_DEFAULT_TYPE" route="horizontal" depart="138" />
    <vehicle id="right_43" type="SUMO_DEFAULT_TYPE" route="horizontal" depart="139" />
    <vehicle id="left_44" type="SUMO_DEFAULT_TYPE" route="vertical" depart="147" />
    <vehicle id="down_45" type="SUMO_DEFAULT_TYPE" route="always_left" depart="149" color="1,0,0"/>
    <vehicle id="right_46" type="SUMO_DEFAULT_TYPE" route="horizontal" depart="150" />
    <vehicle id="right_47" type="SUMO_DEFAULT_TYPE" route="horizontal" depart="152" />
    <vehicle id="left_48" type="SUMO_DEFAULT_TYPE" route="vertical" depart="159" />
    <vehicle id="right_49" type="SUMO_DEFAULT_TYPE" route="horizontal" depart="164" />
    <vehicle id="right_50" type="SUMO_DEFAULT_TYPE" route="horizontal" depart="171" />
    <vehicle id="right_51" type="SUMO_DEFAULT_TYPE" route="horizontal" depart="179" />
    <vehicle id="right_52" type="SUMO_DEFAULT_TYPE" route="horizontal" depart="180" />
    <vehicle id="right_53" type="SUMO_DEFAULT_TYPE" route="horizontal" depart="182" />
    <vehicle id="right_54" type="SUMO_DEFAULT_TYPE" route="horizontal" depart="192" />
    <vehicle id="left_55" type="SUMO_DEFAULT_TYPE" route="vertical" depart="204" />
    <vehicle id="down_56" type="SUMO_DEFAULT_TYPE" route="always_left" depart="206" color="1,0,0"/>
    <vehicle id="right_57" type="SUMO_DEFAULT_TYPE" route="horizontal" depart="213" />
    <vehicle id="right_58" type="SUMO_DEFAULT_TYPE" route="horizontal" depart="216" />
    <vehicle id="left_59" type="SUMO_DEFAULT_TYPE" route="vertical" depart="218" />
    <vehicle id="down_60" type="SUMO_DEFAULT_TYPE" route="always_left" depart="220" color="1,0,0"/>
    <vehicle id="right_61" type="SUMO_DEFAULT_TYPE" route="horizontal" depart="227" />
    <vehicle id="left_62" type="SUMO_DEFAULT_TYPE" route="vertical" depart="232" />
    <vehicle id="right_63" type="SUMO_DEFAULT_TYPE" route="horizontal" depart="239" />
    <vehicle id="right_64" type="SUMO_DEFAULT_TYPE" route="horizontal" depart="241" />
    <vehicle id="down_65" type="SUMO_DEFAULT_TYPE" route="always_left" depart="241" color="1,0,0"/>
    <vehicle id="right_66" type="SUMO_DEFAULT_TYPE" route="horizontal" depart="244" />
    <vehicle id="right_67" type="SUMO_DEFAULT_TYPE" route="horizontal" depart="245" />
    <vehicle id="down_68" type="SUMO_DEFAULT_TYPE" route="always_right" depart="248" color="1,0,0"/>
    <vehicle id="right_69" type="SUMO_DEFAULT_TYPE" route="horizontal" depart="250" />
    <vehicle id="left_70" type="SUMO_DEFAULT_TYPE" route="vertical" depart="253" />
    <vehicle id="right_71" type="SUMO_DEFAULT_TYPE" route="horizontal" depart="254" />
    <vehicle id="down_72" type="SUMO_DEFAULT_TYPE" route="always_left" depart="256" color="1,0,0"/>
    <vehicle id="left_73" type="SUMO_DEFAULT_TYPE" route="vertical" depart="258" />
    <vehicle id="down_74" type="SUMO_DEFAULT_TYPE" route="always_left" depart="258" color="1,0,0"/>
    <vehicle id="left_75" type="SUMO_DEFAULT_TYPE" route="vertical" depart="262" />
    <vehicle id="left_76" type="SUMO_DEFAULT_TYPE" route="vertical" depart="265" />
    <vehicle id="right_77" type="SUMO_DEFAULT_TYPE" route="horizontal" depart="266" />
    <vehicle id="left_78" type="SUMO_DEFAULT_TYPE" route="vertical" depart="281" />
    <vehicle id="left_79" type="SUMO_DEFAULT_TYPE" route="vertical" depart="283" />
    <vehicle id="down_80" type="SUMO_DEFAULT_TYPE" route="always_right" depart="284" color="1,0,0"/>
    <vehicle id="right_81" type="SUMO_DEFAULT_TYPE" route="horizontal" depart="287" />
    <vehicle id="left_82" type="SUMO_DEFAULT_TYPE" route="vertical" depart="287" />
    <vehicle id="left_83" type="SUMO_DEFAULT_TYPE" route="vertical" depart="291" />
    <vehicle id="right_84" type="SUMO_DEFAULT_TYPE" route="horizontal" depart="292" />
    <vehicle id="down_85" type="SUMO_DEFAULT_TYPE" route="always_left" depart="293" color="1,0,0"/>
    <vehicle id="right_86" type="SUMO_DEFAULT_TYPE" route="horizontal" depart="296" />
    <vehicle id="left_87" type="SUMO_DEFAULT_TYPE" route="vertical" depart="296" />
    <vehicle id="right_88" type="SUMO_DEFAULT_TYPE" route="horizontal" depart="298" />
    <vehicle id="left_89" type="SUMO_DEFAULT_TYPE" route="vertical" depart="298" />
    <vehicle id="right_90" type="SUMO_DEFAULT_TYPE" route="horizontal" depart="309" />
    <vehicle id="right_91" type="SUMO_DEFAULT_TYPE" route="horizontal" depart="310" />
    <vehicle id="right_92" type="SUMO_DEFAULT_TYPE" route="horizontal" depart="311" />
    <vehicle id="left_93" type="SUMO_DEFAULT_TYPE" route="vertical" depart="315" />
    <vehicle id="right_94" type="SUMO_DEFAULT_TYPE" route="horizontal" depart="320" />
    <vehicle id="right_95" type="SUMO_DEFAULT_TYPE" route="horizontal" depart="329" />
    <vehicle id="down_96" type="SUMO_DEFAULT_TYPE" route="always_left" depart="330" color="1,0,0"/>
    <vehicle id="right_97" type="SUMO_DEFAULT_TYPE" route="horizontal" depart="340" />
    <vehicle id="left_98" type="SUMO_DEFAULT_TYPE" route="vertical" depart="343" />
    <vehicle id="down_99" type="SUMO_DEFAULT_TYPE" route="always_right" depart="344" color="1,0,0"/>
    <vehicle id="right_100" type="SUMO_DEFAULT_TYPE" route="horizontal" depart="346" />
    <vehicle id="right_101" type="SUMO_DEFAULT_TYPE" route="horizontal" depart="347" />
    <vehicle id="down_102" type="SUMO_DEFAULT_TYPE" route="always_right" depart="347" color="1,0,0"/>
    <vehicle id="right_103" type="SUMO_DEFAULT_TYPE" route="horizontal" depart="348" />
    <vehicle id="left_104" type="SUMO_DEFAULT_TYPE" route="vertical" depart="350" />
    <vehicle id="right_105" type="SUMO_DEFAULT_TYPE" route="horizontal" depart="352" />
    <vehicle id="left_106" type="SUMO_DEFAULT_TYPE" route="vertical" depart="354" />
    <vehicle id="left_107" type="SUMO_DEFAULT_TYPE" route="vertical" depart="357" />
    <vehicle id="left_108" type="SUMO_DEFAULT_TYPE" route="vertical" depart="359" />
    <vehicle id="right_109" type="SUMO_DEFAULT_TYPE" route="horizontal" depart="363" />
    <vehicle id="right_110" type="SUMO_DEFAULT_TYPE" route="horizontal" depart="366" />
    <vehicle id="left_111" type="SUMO_DEFAULT_TYPE" route="vertical" depart="369" />
    <vehicle id="left_112" type="SUMO_DEFAULT_TYPE" route="vertical" depart="372" />
    <vehicle id="right_113" type="SUMO_DEFAULT_TYPE" route="horizontal" depart="374" />
    <vehicle id="left_114" type="SUMO_DEFAULT_TYPE" route="vertical" depart="376" />
    <vehicle id="right_115" type="SUMO_DEFAULT_TYPE" route="horizontal" depart="388" />
    <vehicle id="right_116" type="SUMO_DEFAULT_TYPE" route="horizontal" depart="389" />
    <vehicle id="left_117" type="SUMO_DEFAULT_TYPE" route="vertical" depart="392" />
    <vehicle id="right_118" type="SUMO_DEFAULT_TYPE" route="horizontal" depart="402" />
    <vehicle id="left_119" type="SUMO_DEFAULT_TYPE" route="vertical" depart="402" />
    <vehicle id="right_120" type="SUMO_DEFAULT_TYPE" route="horizontal" depart="406" />
    <vehicle id="left_121" type="SUMO_DEFAULT_TYPE" route="vertical" depart="406" />
    <vehicle id="left_122" type="SUMO_DEFAULT_TYPE" route="vertical" depart="414" />
    <vehicle id="right_123" type="SUMO_DEFAULT_TYPE" route="horizontal" depart="424" />
    <vehicle id="left_124" type="SUMO_DEFAULT_TYPE" route="vertical" depart="430" />
    <vehicle id="down_125" type="SUMO_DEFAULT_TYPE" route="always_right" depart="433" color="1,0,0"/>
    <vehicle id="down_126" type="SUMO_DEFAULT_TYPE" route="always_left" depart="434" color="1,0,0"/>
    <vehicle id="right_127" type="SUMO_DEFAULT_TYPE" route="horizontal" depart="437" />
    <vehicle id="down_128" type="SUMO_DEFAULT_TYPE" route="always_right" depart="451" color="1,0,0"/>
    <vehicle id="right_129" type="SUMO_DEFAULT_TYPE" route="horizontal" depart="459" />
    <vehicle id="right_130" type="SUMO_DEFAULT_TYPE" route="horizontal" depart="462" />
    <vehicle id="down_131" type="SUMO_DEFAULT_TYPE" route="always_left" depart="468" color="1,0,0"/>
    <vehicle id="left_132" type="SUMO_DEFAULT_TYPE" route="vertical" depart="469" />
    <vehicle id="right_133" type="SUMO_DEFAULT_TYPE" route="horizontal" depart="477" />
    <vehicle id="right_134" type="SUMO_DEFAULT_TYPE" route="horizontal" depart="481" />
    <vehicle id="right_135" type="SUMO_DEFAULT_TYPE" route="horizontal" depart="483" />
    <vehicle id="left_136" type="SUMO_DEFAULT_TYPE" route="vertical" depart="484" />
    <vehicle id="down_137" type="SUMO_DEFAULT_TYPE" route="always_right" depart="484" color="1,0,0"/>
    <vehicle id="left_138" type="SUMO_DEFAULT_TYPE" route="vertical" depart="490" />
    <vehicle id="down_139" type="SUMO_DEFAULT_TYPE" route="always_left" depart="490" color="1,0,0"/>
    <vehicle id="down_140" type="SUMO_DEFAULT_TYPE" route="always_left" depart="494" color="1,0,0"/>
    <vehicle id="right_141" type="SUMO_DEFAULT_TYPE" route="horizontal" depart="495" />
    <vehicle id="left_142" type="SUMO_DEFAULT_TYPE" route="vertical" depart="495" />
    <vehicle id="right_143" type="SUMO_DEFAULT_TYPE" route="horizontal" depart="496" />
    <vehicle id="right_144" type="SUMO_DEFAULT_TYPE" route="horizontal" depart="501" />
    <vehicle id="down_145" type="SUMO_DEFAULT_TYPE" route="always_left" depart="512" color="1,0,0"/>
    <vehicle id="right_146" type="SUMO_DEFAULT_TYPE" route="horizontal" depart="517" />
    <vehicle id="right_147" type="SUMO_DEFAULT_TYPE" route="horizontal" depart="528" />
    <vehicle id="right_148" type="SUMO_DEFAULT_TYPE" route="horizontal" depart="530" />
    <vehicle id="down_149" type="SUMO_DEFAULT_TYPE" route="always_left" depart="530" color="1,0,0"/>
    <vehicle id="down_150" type="SUMO_DEFAULT_TYPE" route="always_left" depart="531" color="1,0,0"/>
    <vehicle id="right_151" type="SUMO_DEFAULT_TYPE" route="horizontal" depart="533" />
    <vehicle id="right_152" type="SUMO_DEFAULT_TYPE" route="horizontal" depart="538" />
    <vehicle id="left_153" type="SUMO_DEFAULT_TYPE" route="vertical" depart="538" />
    <vehicle id="right_154" type="SUMO_DEFAULT_TYPE" route="horizontal" depart="540" />
    <vehicle id="right_155" type="SUMO_DEFAULT_TYPE" route="horizontal" depart="542" />
    <vehicle id="right_156" type="SUMO_DEFAULT_TYPE" route="horizontal" depart="543" />
    <vehicle id="right_157" type="SUMO_DEFAULT_TYPE" route="horizontal" depart="545" />
    <vehicle id="right_158" type="SUMO_DEFAULT_TYPE" route="horizontal" depart="547" />
    <vehicle id="left_159" type="SUMO_DEFAULT_TYPE" route="vertical" depart="548" />
    <vehicle id="left_160" type="SUMO_DEFAULT_TYPE" route="vertical" depart="550" />
    <vehicle id="right_161" type="SUMO_DEFAULT_TYPE" route="horizontal" depart="555" />
    <vehicle id="left_162" type="SUMO_DEFAULT_TYPE" route="vertical" depart="555" />
    <vehicle id="down_163" type="SUMO_DEFAULT_TYPE" route="always_left" depart="557" color="1,0,0"/>
    <vehicle id="right_164" type="SUMO_DEFAULT_TYPE" route="horizontal" depart="558" />
    <vehicle id="right_165" type="SUMO_DEFAULT_TYPE" route="horizontal" depart="562" />
    <vehicle id="right_166" type="SUMO_DEFAULT_TYPE" route="horizontal" depart="563" />
    <vehicle id="right_167" type="SUMO_DEFAULT_TYPE" route="horizontal" depart="571" />
    <vehicle id="left_168" type="SUMO_DEFAULT_TYPE" route="vertical" depart="576" />
    <vehicle id="down_169" type="SUMO_DEFAULT_TYPE" route="always_left" depart="582" color="1,0,0"/>
    <vehicle id="down_170" type="SUMO_DEFAULT_TYPE" route="always_left" depart="585" color="1,0,0"/>
    <vehicle id="right_171" type="SUMO_DEFAULT_TYPE" route="horizontal" depart="587" />
    <vehicle id="down_172" type="SUMO_DEFAULT_TYPE" route="always_right" depart="593" color="1,0,0"/>
    <vehicle id="right_173" type="SUMO_DEFAULT_TYPE" route="horizontal" depart="596" />
    <vehicle id="right_174" type="SUMO_DEFAULT_TYPE" route="horizontal" depart="601" />
    <vehicle id="right_175" type="SUMO_DEFAULT_TYPE" route="horizontal" depart="603" />
    <vehicle id="right_176" type="SUMO_DEFAULT_TYPE" route="horizontal" depart="606" />
    <vehicle id="down_177" type="SUMO_DEFAULT_TYPE" route="always_left" depart="606" color="1,0,0"/>
    <vehicle id="right_178" type="SUMO_DEFAULT_TYPE" route="horizontal" depart="609" />
    <vehicle id="left_179" type="SUMO_DEFAULT_TYPE" route="vertical" depart="609" />
    <vehicle id="right_180" type="SUMO_DEFAULT_TYPE" route="horizontal" depart="612" />
    <vehicle id="left_181" type="SUMO_DEFAULT_TYPE" route="vertical" depart="613" />
    <vehicle id="right_182" type="SUMO_DEFAULT_TYPE" route="horizontal" depart="629" />
    <vehicle id="right_183" type="SUMO_DEFAULT_TYPE" route="horizontal" depart="634" />
    <vehicle id="right_184" type="SUMO_DEFAULT_TYPE" route="horizontal" depart="635" />
    <vehicle id="down_185" type="SUMO_DEFAULT_TYPE" route="always_right" depart="635" color="1,0,0"/>
    <vehicle id="down_186" type="SUMO_DEFAULT_TYPE" route="always_right" depart="640" color="1,0,0"/>
    <vehicle id="right_187" type="SUMO_DEFAULT_TYPE" route="horizontal" depart="642" />
    <vehicle id="right_188" type="SUMO_DEFAULT_TYPE" route="horizontal" depart="645" />
    <vehicle id="down_189" type="SUMO_DEFAULT_TYPE" route="always_right" depart="646" color="1,0,0"/>
    <vehicle id="right_190" type="SUMO_DEFAULT_TYPE" route="horizontal" depart="649" />
    <vehicle id="left_191" type="SUMO_DEFAULT_TYPE" route="vertical" depart="651" />
    <vehicle id="left_192" type="SUMO_DEFAULT_TYPE" route="vertical" depart="659" />
    <vehicle id="right_193" type="SUMO_DEFAULT_TYPE" route="horizontal" depart="660" />
    <vehicle id="left_194" type="SUMO_DEFAULT_TYPE" route="vertical" depart="660" />
    <vehicle id="right_195" type="SUMO_DEFAULT_TYPE" route="horizontal" depart="662" />
    <vehicle id="left_196" type="SUMO_DEFAULT_TYPE" route="vertical" depart="665" />
    <vehicle id="left_197" type="SUMO_DEFAULT_TYPE" route="vertical" depart="666" />
    <vehicle id="down_198" type="SUMO_DEFAULT_TYPE" route="always_right" depart="671" color="1,0,0"/>
    <vehicle id="left_199" type="SUMO_DEFAULT_TYPE" route="vertical" depart="673" />
    <vehicle id="right_200" type="SUMO_DEFAULT_TYPE" route="horizontal" depart="675" />
    <vehicle id="left_201" type="SUMO_DEFAULT_TYPE" route="vertical" depart="676" />
    <vehicle id="left_202" type="SUMO_DEFAULT_TYPE" route="vertical" depart="680" />
    <vehicle id="left_203" type="SUMO_DEFAULT_TYPE" route="vertical" depart="682" />
    <vehicle id="down_204" type="SUMO_DEFAULT_TYPE" route="always_right" depart="683" color="1,0,0"/>
    <vehicle id="right_205" type="SUMO_DEFAULT_TYPE" route="horizontal" depart="687" />
    <vehicle id="down_206" type="SUMO_DEFAULT_TYPE" route="always_right" depart="688" color="1,0,0"/>
    <vehicle id="left_207" type="SUMO_DEFAULT_TYPE" route="vertical" depart="693" />
    <vehicle id="left_208" type="SUMO_DEFAULT_TYPE" route="vertical" depart="694" />
    <vehicle id="left_209" type="SUMO_DEFAULT_TYPE" route="vertical" depart="697" />
    <vehicle id="left_210" type="SUMO_DEFAULT_TYPE" route="vertical" depart="704" />
    <vehicle id="right_211" type="SUMO_DEFAULT_TYPE" route="horizontal" depart="706" />
    <vehicle id="left_212" type="SUMO_DEFAULT_TYPE" route="vertical" depart="706" />
    <vehicle id="right_213" type="SUMO_DEFAULT_TYPE" route="horizontal" depart="707" />
    <vehicle id="right_214" type="SUMO_DEFAULT_TYPE" route="horizontal" depart="709" />
    <vehicle id="left_215" type="SUMO_DEFAULT_TYPE" route="vertical" depart="709" />
    <vehicle id="right_216" type="SUMO_DEFAULT_TYPE" route="horizontal" depart="710" />
    <vehicle id="right_217" type="SUMO_DEFAULT_TYPE" route="horizontal" depart="711" />
    <vehicle id="down_218" type="SUMO_DEFAULT_TYPE" route="always_left" depart="712" color="1,0,0"/>
    <vehicle id="left_219" type="SUMO_DEFAULT_TYPE" route="vertical" depart="714" />
    <vehicle id="left_220" type="SUMO_DEFAULT_TYPE" route="vertical" depart="721" />
    <vehicle id="right_221" type="SUMO_DEFAULT_TYPE" route="horizontal" depart="724" />
    <vehicle id="left_222" type="SUMO_DEFAULT_TYPE" route="vertical" depart="727" />
    <vehicle id="right_223" type="SUMO_DEFAULT_TYPE" route="horizontal" depart="730" />
    <vehicle id="right_224" type="SUMO_DEFAULT_TYPE" route="horizontal" depart="731" />
    <vehicle id="right_225" type="SUMO_DEFAULT_TYPE" route="horizontal" depart="733" />
    <vehicle id="right_226" type="SUMO_DEFAULT_TYPE" route="horizontal" depart="736" />
    <vehicle id="right_227" type="SUMO_DEFAULT_TYPE" route="horizontal" depart="740" />
    <vehicle id="down_228" type="SUMO_DEFAULT_TYPE" route="always_right" depart="741" color="1,0,0"/>
    <vehicle id="right_229" type="SUMO_DEFAULT_TYPE" route="horizontal" depart="745" />
    <vehicle id="down_230" type="SUMO_DEFAULT_TYPE" route="always_left" depart="747" color="1,0,0"/>
    <vehicle id="right_231" type="SUMO_DEFAULT_TYPE" route="horizontal" depart="751" />
    <vehicle id="left_232" type="SUMO_DEFAULT_TYPE" route="vertical" depart="752" />
    <vehicle id="down_233" type="SUMO_DEFAULT_TYPE" route="always_right" depart="754" color="1,0,0"/>
    <vehicle id="right_234" type="SUMO_DEFAULT_TYPE" route="horizontal" depart="756" />
    <vehicle id="left_235" type="SUMO_DEFAULT_TYPE" route="vertical" depart="758" />
    <vehicle id="down_236" type="SUMO_DEFAULT_TYPE" route="always_right" depart="760" color="1,0,0"/>
    <vehicle id="right_237" type="SUMO_DEFAULT_TYPE" route="horizontal" depart="763" />
    <vehicle id="left_238" type="SUMO_DEFAULT_TYPE" route="vertical" depart="766" />
    <vehicle id="left_239" type="SUMO_DEFAULT_TYPE" route="vertical" depart="782" />
    <vehicle id="down_240" type="SUMO_DEFAULT_TYPE" route="always_left" depart="783" color="1,0,0"/>
    <vehicle id="left_241" type="SUMO_DEFAULT_TYPE" route="vertical" depart="785" />
    <vehicle id="down_242" type="SUMO_DEFAULT_TYPE" route="always_left" depart="792" color="1,0,0"/>
    <vehicle id="down_243" type="SUMO_DEFAULT_TYPE" route="always_right" depart="795" color="1,0,0"/>
    <vehicle id="right_244" type="SUMO_DEFAULT_TYPE" route="horizontal" depart="801" />
    <vehicle id="down_245" type="SUMO_DEFAULT_TYPE" route="always_right" depart="801" color="1,0,0"/>
    <vehicle id="down_246" type="SUMO_DEFAULT_TYPE" route="always_right" depart="802" color="1,0,0"/>
    <vehicle id="right_247" type="SUMO_DEFAULT_TYPE" route="horizontal" depart="814" />
    <vehicle id="right_248" type="SUMO_DEFAULT_TYPE" route="horizontal" depart="818" />
    <vehicle id="right_249" type="SUMO_DEFAULT_TYPE" route="horizontal" depart="823" />
    <vehicle id="right_250" type="SUMO_DEFAULT_TYPE" route="horizontal" depart="825" />
    <vehicle id="left_251" type="SUMO_DEFAULT_TYPE" route="vertical" depart="828" />
    <vehicle id="right_252" type="SUMO_DEFAULT_TYPE" route="horizontal" depart="830" />
    <vehicle id="down_253" type="SUMO_DEFAULT_TYPE" route="always_left" depart="831" color="1,0,0"/>
    <vehicle id="left_254" type="SUMO_DEFAULT_TYPE" route="vertical" depart="832" />
    <vehicle id="left_255" type="SUMO_DEFAULT_TYPE" route="vertical" depart="841" />
    <vehicle id="left_256" type="SUMO_DEFAULT_TYPE" route="vertical" depart="842" />
    <vehicle id="left_257" type="SUMO_DEFAULT_TYPE" route="vertical" depart="843" />
    <vehicle id="right_258" type="SUMO_DEFAULT_TYPE" route="horizontal" depart="848" />
    <vehicle id="left_259" type="SUMO_DEFAULT_TYPE" route="vertical" depart="850" />
    <vehicle id="down_260" type="SUMO_DEFAULT_TYPE" route="always_left" depart="851" color="1,0,0"/>
    <vehicle id="right_261" type="SUMO_DEFAULT_TYPE" route="horizontal" depart="853" />
    <vehicle id="right_262" type="SUMO_DEFAULT_TYPE" route="horizontal" depart="857" />
    <vehicle id="left_263" type="SUMO_DEFAULT_TYPE" route="vertical" depart="865" />
    <vehicle id="left_264" type="SUMO_DEFAULT_TYPE" route="vertical" depart="867" />
    <vehicle id="left_265" type="SUMO_DEFAULT_TYPE" route="vertical" depart="874" />
    <vehicle id="left_266" type="SUMO_DEFAULT_TYPE" route="vertical" depart="875" />
    <vehicle id="left_267" type="SUMO_DEFAULT_TYPE" route="vertical" depart="879" />
    <vehicle id="right_268" type="SUMO_DEFAULT_TYPE" route="horizontal" depart="886" />
    <vehicle id="left_269" type="SUMO_DEFAULT_TYPE" route="vertical" depart="892" />
    <vehicle id="right_270" type="SUMO_DEFAULT_TYPE" route="horizontal" depart="903" />
    <vehicle id="right_271" type="SUMO_DEFAULT_TYPE" route="horizontal" depart="906" />
    <vehicle id="right_272" type="SUMO_DEFAULT_TYPE" route="horizontal" depart="909" />
    <vehicle id="down_273" type="SUMO_DEFAULT_TYPE" route="always_right" depart="913" color="1,0,0"/>
    <vehicle id="left_274" type="SUMO_DEFAULT_TYPE" route="vertical" depart="924" />
    <vehicle id="right_275" type="SUMO_DEFAULT_TYPE" route="horizontal" depart="928" />
    <vehicle id="down_276" type="SUMO_DEFAULT_TYPE" route="always_right" depart="934" color="1,0,0"/>
    <vehicle id="right_277" type="SUMO_DEFAULT_TYPE" route="horizontal" depart="935" />
    <vehicle id="right_278" type="SUMO_DEFAULT_TYPE" route="horizontal" depart="939" />
    <vehicle id="left_279" type="SUMO_DEFAULT_TYPE" route="vertical" depart="939" />
    <vehicle id="down_280" type="SUMO_DEFAULT_TYPE" route="always_left" depart="941" color="1,0,0"/>
    <vehicle id="right_281" type="SUMO_DEFAULT_TYPE" route="horizontal" depart="944" />
    <vehicle id="right_282" type="SUMO_DEFAULT_TYPE" route="horizontal" depart="950" />
    <vehicle id="left_283" type="SUMO_DEFAULT_TYPE" route="vertical" depart="950" />
    <vehicle id="left_284" type="SUMO_DEFAULT_TYPE" route="vertical" depart="956" />
    <vehicle id="right_285" type="SUMO_DEFAULT_TYPE" route="horizontal" depart="958" />
    <vehicle id="right_286" type="SUMO_DEFAULT_TYPE" route="horizontal" depart="961" />
    <vehicle id="left_287" type="SUMO_DEFAULT_TYPE" route="vertical" depart="966" />
    <vehicle id="down_288" type="SUMO_DEFAULT_TYPE" route="always_right" depart="966" color="1,0,0"/>
    <vehicle id="left_289" type="SUMO_DEFAULT_TYPE" route="vertical" depart="967" />
    <vehicle id="right_290" type="SUMO_DEFAULT_TYPE" route="horizontal" depart="976" />
    <vehicle id="right_291" type="SUMO_DEFAULT_TYPE" route="horizontal" depart="978" />
    <vehicle id="right_292" type="SUMO_DEFAULT_TYPE" route="horizontal" depart="984" />
    <vehicle id="right_293" type="SUMO_DEFAULT_TYPE" route="horizontal" depart="986" />
    <vehicle id="left_294" type="SUMO_DEFAULT_TYPE" route="vertical" depart="988" />
    <vehicle id="down_295" type="SUMO_DEFAULT_TYPE" route="always_left" depart="989" color="1,0,0"/>
    <vehicle id="right_296" type="SUMO_DEFAULT_TYPE" route="horizontal" depart="990" />
    <vehicle id="down_297" type="SUMO_DEFAULT_TYPE" route="always_left" depart="991" color="1,0,0"/>
    <vehicle id="right_298" type="SUMO_DEFAULT_TYPE" route="horizontal" depart="997" />
    <vehicle id="left_299" type="SUMO_DEFAULT_TYPE" route="vertical" depart="999" />
    <vehicle id="right_300" type="SUMO_DEFAULT_TYPE" route="horizontal" depart="1000" />
    <vehicle id="right_301" type="SUMO_DEFAULT_TYPE" route="horizontal" depart="1005" />
    <vehicle id="right_302" type="SUMO_DEFAULT_TYPE" route="horizontal" depart="1008" />
    <vehicle id="left_303" type="SUMO_DEFAULT_TYPE" route="vertical" depart="1008" />
    <vehicle id="down_304" type="SUMO_DEFAULT_TYPE" route="always_right" depart="1017" color="1,0,0"/>
    <vehicle id="right_305" type="SUMO_DEFAULT_TYPE" route="horizontal" depart="1018" />
    <vehicle id="right_306" type="SUMO_DEFAULT_TYPE" route="horizontal" depart="1019" />
    <vehicle id="down_307" type="SUMO_DEFAULT_TYPE" route="always_left" depart="1023" color="1,0,0"/>
    <vehicle id="left_308" type="SUMO_DEFAULT_TYPE" route="vertical" depart="1025" />
    <vehicle id="right_309" type="SUMO_DEFAULT_TYPE" route="horizontal" depart="1031" />
    <vehicle id="left_310" type="SUMO_DEFAULT_TYPE" route="vertical" depart="1031" />
    <vehicle id="down_311" type="SUMO_DEFAULT_TYPE" route="always_left" depart="1035" color="1,0,0"/>
    <vehicle id="right_312" type="SUMO_DEFAULT_TYPE" route="horizontal" depart="1036" />
    <vehicle id="right_313" type="SUMO_DEFAULT_TYPE" route="horizontal" depart="1038" />
    <vehicle id="right_314" type="SUMO_DEFAULT_TYPE" route="horizontal" depart="1044" />
    <vehicle id="right_315" type="SUMO_DEFAULT_TYPE" route="horizontal" depart="1049" />
    <vehicle id="right_316" type="SUMO_DEFAULT_TYPE" route="horizontal" depart="1052" />
    <vehicle id="right_317" type="SUMO_DEFAULT_TYPE" route="horizontal" depart="1065" />
    <vehicle id="right_318" type="SUMO_DEFAULT_TYPE" route="horizontal" depart="1071" />
    <vehicle id="down_319" type="SUMO_DEFAULT_TYPE" route="always_right" depart="1074" color="1,0,0"/>
    <vehicle id="right_320" type="SUMO_DEFAULT_TYPE" route="horizontal" depart="1076" />
    <vehicle id="down_321" type="SUMO_DEFAULT_TYPE" route="always_left" depart="1077" color="1,0,0"/>
    <vehicle id="left_322" type="SUMO_DEFAULT_TYPE" route="vertical" depart="1078" />
    <vehicle id="right_323" type="SUMO_DEFAULT_TYPE" route="horizontal" depart="1081" />
    <vehicle id="down_324" type="SUMO_DEFAULT_TYPE" route="always_left" depart="1087" color="1,0,0"/>
    <vehicle id="down_325" type="SUMO_DEFAULT_TYPE" route="always_right" depart="1088" color="1,0,0"/>
    <vehicle id="down_326" type="SUMO_DEFAULT_TYPE" route="always_right" depart="1089" color="1,0,0"/>
    <vehicle id="down_327" type="SUMO_DEFAULT_TYPE" route="always_right" depart="1090" color="1,0,0"/>
    <vehicle id="down_328" type="SUMO_DEFAULT_TYPE" route="always_right" depart="1097" color="1,0,0"/>
    <vehicle id="right_329" type="SUMO_DEFAULT_TYPE" route="horizontal" depart="1098" />
    <vehicle id="left_330" type="SUMO_DEFAULT_TYPE" route="vertical" depart="1103" />
    <vehicle id="left_331" type="SUMO_DEFAULT_TYPE" route="vertical" depart="1106" />
    <vehicle id="right_332" type="SUMO_DEFAULT_TYPE" route="horizontal" depart="1111" />
    <vehicle id="down_333" type="SUMO_DEFAULT_TYPE" route="always_right" depart="1112" color="1,0,0"/>
    <vehicle id="right_334" type="SUMO_DEFAULT_TYPE" route="horizontal" depart="1113" />
    <vehicle id="left_335" type="SUMO_DEFAULT_TYPE" route="vertical" depart="1114" />
    <vehicle id="right_336" type="SUMO_DEFAULT_TYPE" route="horizontal" depart="1116" />
    <vehicle id="right_337" type="SUMO_DEFAULT_TYPE" route="horizontal" depart="1117" />
    <vehicle id="right_338" type="SUMO_DEFAULT_TYPE" route="horizontal" depart="1123" />
    <vehicle id="left_339" type="SUMO_DEFAULT_TYPE" route="vertical" depart="1124" />
    <vehicle id="left_340" type="SUMO_DEFAULT_TYPE" route="vertical" depart="1125" />
    <vehicle id="left_341" type="SUMO_DEFAULT_TYPE" route="vertical" depart="1129" />
    <vehicle id="right_342" type="SUMO_DEFAULT_TYPE" route="horizontal" depart="1133" />
    <vehicle id="left_343" type="SUMO_DEFAULT_TYPE" route="vertical" depart="1134" />
    <vehicle id="right_344" type="SUMO_DEFAULT_TYPE" route="horizontal" depart="1137" />
    <vehicle id="right_345" type="SUMO_DEFAULT_TYPE" route="horizontal" depart="1138" />
    <vehicle id="left_346" type="SUMO_DEFAULT_TYPE" route="vertical" depart="1150" />
    <vehicle id="left_347" type="SUMO_DEFAULT_TYPE" route="vertical" depart="1152" />
    <vehicle id="right_348" type="SUMO_DEFAULT_TYPE" route="horizontal" depart="1154" />
    <vehicle id="right_349" type="SUMO_DEFAULT_TYPE" route="horizontal" depart="1158" />
    <vehicle id="down_350" type="SUMO_DEFAULT_TYPE" route="always_left" depart="1160" color="1,0,0"/>
    <vehicle id="right_351" type="SUMO_DEFAULT_TYPE" route="horizontal" depart="1165" />
    <vehicle id="left_352" type="SUMO_DEFAULT_TYPE" route="vertical" depart="1165" />
    <vehicle id="left_353" type="SUMO_DEFAULT_TYPE" route="vertical" depart="1166" />
    <vehicle id="right_354" type="SUMO_DEFAULT_TYPE" route="horizontal" depart="1167" />
    <vehicle id="left_355" type="SUMO_DEFAULT_TYPE" route="vertical" depart="1169" />
    <vehicle id="left_356" type="SUMO_DEFAULT_TYPE" route="vertical" depart="1170" />
    <vehicle id="down_357" type="SUMO_DEFAULT_TYPE" route="always_right" depart="1171" color="1,0,0"/>
    <vehicle id="right_358" type="SUMO_DEFAULT_TYPE" route="horizontal" depart="1175" />
    <vehicle id="left_359" type="SUMO_DEFAULT_TYPE" route="vertical" depart="1175" />
    <vehicle id="down_360" type="SUMO_DEFAULT_TYPE" route="always_left" depart="1176" color="1,0,0"/>
    <vehicle id="right_361" type="SUMO_DEFAULT_TYPE" route="horizontal" depart="1177" />
    <vehicle id="down_362" type="SUMO_DEFAULT_TYPE" route="always_left" depart="1177" color="1,0,0"/>
    <vehicle id="right_363" type="SUMO_DEFAULT_TYPE" route="horizontal" depart="1180" />
    <vehicle id="right_364" type="SUMO_DEFAULT_TYPE" route="horizontal" depart="1182" />
    <vehicle id="down_365" type="SUMO_DEFAULT_TYPE" route="always_left" depart="1182" color="1,0,0"/>
    <vehicle id="right_366" type="SUMO_DEFAULT_TYPE" route="horizontal" depart="1184" />
    <vehicle id="down_367" type="SUMO_DEFAULT_TYPE" route="always_left" depart="1187" color="1,0,0"/>
    <vehicle id="down_368" type="SUMO_DEFAULT_TYPE" route="always_right" depart="1191" color="1,0,0"/>
    <vehicle id="left_369" type="SUMO_DEFAULT_TYPE" route="vertical" depart="1193" />
    <vehicle id="right_370" type="SUMO_DEFAULT_TYPE" route="horizontal" depart="1204" />
    <vehicle id="right_371" type="SUMO_DEFAULT_TYPE" route="horizontal" depart="1209" />
    <vehicle id="down_372" type="SUMO_DEFAULT_TYPE" route="always_left" depart="1209" color="1,0,0"/>
    <vehicle id="right_373" type="SUMO_DEFAULT_TYPE" route="horizontal" depart="1211" />
    <vehicle id="left_374" type="SUMO_DEFAULT_TYPE" route="vertical" depart="1213" />
    <vehicle id="right_375" type="SUMO_DEFAULT_TYPE" route="horizontal" depart="1221" />
    <vehicle id="right_376" type="SUMO_DEFAULT_TYPE" route="horizontal" depart="1222" />
    <vehicle id="right_377" type="SUMO_DEFAULT_TYPE" route="horizontal" depart="1223" />
    <vehicle id="left_378" type="SUMO_DEFAULT_TYPE" route="vertical" depart="1234" />
    <vehicle id="left_379" type="SUMO_DEFAULT_TYPE" route="vertical" depart="1238" />
    <vehicle id="right_380" type="SUMO_DEFAULT_TYPE" route="horizontal" depart="1250" />
    <vehicle id="left_381" type="SUMO_DEFAULT_TYPE" route="vertical" depart="1252" />
    <vehicle id="down_382" type="SUMO_DEFAULT_TYPE" route="always_left" depart="1252" color="1,0,0"/>
    <vehicle id="right_383" type="SUMO_DEFAULT_TYPE" route="horizontal" depart="1253" />
    <vehicle id="right_384" type="SUMO_DEFAULT_TYPE" route="horizontal" depart="1255" />
    <vehicle id="down_385" type="SUMO_DEFAULT_TYPE" route="always_right" depart="1256" color="1,0,0"/>
    <vehicle id="right_386" type="SUMO_DEFAULT_TYPE" route="horizontal" depart="1258" />
    <vehicle id="right_387" type="SUMO_DEFAULT_TYPE" route="horizontal" depart="1265" />
    <vehicle id="down_388" type="SUMO_DEFAULT_TYPE" route="always_right" depart="1267" color="1,0,0"/>
    <vehicle id="right_389" type="SUMO_DEFAULT_TYPE" route="horizontal" depart="1271" />
    <vehicle id="down_390" type="SUMO_DEFAULT_TYPE" route="always_left" depart="1275" color="1,0,0"/>
    <vehicle id="right_391" type="SUMO_DEFAULT_TYPE" route="horizontal" depart="1277" />
    <vehicle id="right_392" type="SUMO_DEFAULT_TYPE" route="horizontal" depart="1280" />
    <vehicle id="down_393" type="SUMO_DEFAULT_TYPE" route="always_right" depart="1280" color="1,0,0"/>
    <vehicle id="left_394" type="SUMO_DEFAULT_TYPE" route="vertical" depart="1283" />
    <vehicle id="right_395" type="SUMO_DEFAULT_TYPE" route="horizontal" depart="1285" />
    <vehicle id="left_396" type="SUMO_DEFAULT_TYPE" route="vertical" depart="1285" />
    <vehicle id="right_397" type="SUMO_DEFAULT_TYPE" route="horizontal" depart="1294" />
    <vehicle id="right_398" type="SUMO_DEFAULT_TYPE" route="horizontal" depart="1296" />
    <vehicle id="right_399" type="SUMO_DEFAULT_TYPE" route="horizontal" depart="1304" />
    <vehicle id="right_400" type="SUMO_DEFAULT_TYPE" route="horizontal" depart="1307" />
    <vehicle id="right_401" type="SUMO_DEFAULT_TYPE" route="horizontal" depart="1311" />
    <vehicle id="left_402" type="SUMO_DEFAULT_TYPE" route="vertical" depart="1311" />
    <vehicle id="right_403" type="SUMO_DEFAULT_TYPE" route="horizontal" depart="1312" />
    <vehicle id="right_404" type="SUMO_DEFAULT_TYPE" route="horizontal" depart="1313" />
    <vehicle id="right_405" type="SUMO_DEFAULT_TYPE" route="horizontal" depart="1319" />
    <vehicle id="left_406" type="SUMO_DEFAULT_TYPE" route="vertical" depart="1320" />
    <vehicle id="right_407" type="SUMO_DEFAULT_TYPE" route="horizontal" depart="1327" />
    <vehicle id="right_408" type="SUMO_DEFAULT_TYPE" route="horizontal" depart="1329" />
    <vehicle id="right_409" type="SUMO_DEFAULT_TYPE" route="horizontal" depart="1330" />
    <vehicle id="right_410" type="SUMO_DEFAULT_TYPE" route="horizontal" depart="1331" />
    <vehicle id="right_411" type="SUMO_DEFAULT_TYPE" route="horizontal" depart="1335" />
    <vehicle id="right_412" type="SUMO_DEFAULT_TYPE" route="horizontal" depart="1337" />
    <vehicle id="right_413" type="SUMO_DEFAULT_TYPE" route="horizontal" depart="1338" />
    <vehicle id="down_414" type="SUMO_DEFAULT_TYPE" route="always_right" depart="1338" color="1,0,0"/>
    <vehicle id="right_415" type="SUMO_DEFAULT_TYPE" route="horizontal" depart="1339" />
    <vehicle id="right_416" type="SUMO_DEFAULT_TYPE" route="horizontal" depart="1342" />
    <vehicle id="down_417" type="SUMO_DEFAULT_TYPE" route="always_right" depart="1348" color="1,0,0"/>
    <vehicle id="left_418" type="SUMO_DEFAULT_TYPE" route="vertical" depart="1350" />
    <vehicle id="right_419" type="SUMO_DEFAULT_TYPE" route="horizontal" depart="1356" />
    <vehicle id="down_420" type="SUMO_DEFAULT_TYPE" route="always_right" depart="1357" color="1,0,0"/>
    <vehicle id="right_421" type="SUMO_DEFAULT_TYPE" route="horizontal" depart="1358" />
    <vehicle id="right_422" type="SUMO_DEFAULT_TYPE" route="horizontal" depart="1375" />
    <vehicle id="left_423" type="SUMO_DEFAULT_TYPE" route="vertical" depart="1385" />
    <vehicle id="right_424" type="SUMO_DEFAULT_TYPE" route="horizontal" depart="1386" />
    <vehicle id="down_425" type="SUMO_DEFAULT_TYPE" route="always_left" depart="1388" color="1,0,0"/>
    <vehicle id="right_426" type="SUMO_DEFAULT_TYPE" route="horizontal" depart="1397" />
    <vehicle id="right_427" type="SUMO_DEFAULT_TYPE" route="horizontal" depart="1399" />
    <vehicle id="right_428" type="SUMO_DEFAULT_TYPE" route="horizontal" depart="1400" />
    <vehicle id="down_429" type="SUMO_DEFAULT_TYPE" route="always_left" depart="1400" color="1,0,0"/>
    <vehicle id="right_430" type="SUMO_DEFAULT_TYPE" route="horizontal" depart="1401" />
    <vehicle id="left_431" type="SUMO_DEFAULT_TYPE" route="vertical" depart="1404" />
    <vehicle id="right_432" type="SUMO_DEFAULT_TYPE" route="horizontal" depart="1406" />
    <vehicle id="right_433" type="SUMO_DEFAULT_TYPE" route="horizontal" depart="1407" />
    <vehicle id="right_434" type="SUMO_DEFAULT_TYPE" route="horizontal" depart="1414" />
    <vehicle id="left_435" type="SUMO_DEFAULT_TYPE" route="vertical" depart="1421" />
    <vehicle id="down_436" type="SUMO_DEFAULT_TYPE" route="always_right" depart="1428" color="1,0,0"/>
    <vehicle id="left_437" type="SUMO_DEFAULT_TYPE" route="vertical" depart="1429" />
    <vehicle id="right_438" type="SUMO_DEFAULT_TYPE" route="horizontal" depart="1430" />
    <vehicle id="right_439" type="SUMO_DEFAULT_TYPE" route="horizontal" depart="1432" />
    <vehicle id="right_440" type="SUMO_DEFAULT_TYPE" route="horizontal" depart="1435" />
    <vehicle id="left_441" type="SUMO_DEFAULT_TYPE" route="vertical" depart="1438" />
    <vehicle id="right_442" type="SUMO_DEFAULT_TYPE" route="horizontal" depart="1440" />
    <vehicle id="left_443" type="SUMO_DEFAULT_TYPE" route="vertical" depart="1443" />
    <vehicle id="right_444" type="SUMO_DEFAULT_TYPE" route="horizontal" depart="1451" />
    <vehicle id="right_445" type="SUMO_DEFAULT_TYPE" route="horizontal" depart="1460" />
    <vehicle id="right_446" type="SUMO_DEFAULT_TYPE" route="horizontal" depart="1465" />
    <vehicle id="down_447" type="SUMO_DEFAULT_TYPE" route="always_left" depart="1466" color="1,0,0"/>
    <vehicle id="down_448" type="SUMO_DEFAULT_TYPE" route="always_right" depart="1469" color="1,0,0"/>
    <vehicle id="right_449" type="SUMO_DEFAULT_TYPE" route="horizontal" depart="1474" />
    <vehicle id="left_450" type="SUMO_DEFAULT_TYPE" route="vertical" depart="1477" />
    <vehicle id="left_451" type="SUMO_DEFAULT_TYPE" route="vertical" depart="1478" />
    <vehicle id="left_452" type="SUMO_DEFAULT_TYPE" route="vertical" depart="1482" />
    <vehicle id="left_453" type="SUMO_DEFAULT_TYPE" route="vertical" depart="1485" />
    <vehicle id="left_454" type="SUMO_DEFAULT_TYPE" route="vertical" depart="1487" />
    <vehicle id="right_455" type="SUMO_DEFAULT_TYPE" route="horizontal" depart="1489" />
    <vehicle id="right_456" type="SUMO_DEFAULT_TYPE" route="horizontal" depart="1490" />
    <vehicle id="down_457" type="SUMO_DEFAULT_TYPE" route="always_left" depart="1491" color="1,0,0"/>
    <vehicle id="down_458" type="SUMO_DEFAULT_TYPE" route="always_right" depart="1491" color="1,0,0"/>
    <vehicle id="left_459" type="SUMO_DEFAULT_TYPE" route="vertical" depart="1495" />
    <vehicle id="left_460" type="SUMO_DEFAULT_TYPE" route="vertical" depart="1505" />
    <vehicle id="right_461" type="SUMO_DEFAULT_TYPE" route="horizontal" depart="1510" />
    <vehicle id="right_462" type="SUMO_DEFAULT_TYPE" route="horizontal" depart="1513" />
    <vehicle id="right_463" type="SUMO_DEFAULT_TYPE" route="horizontal" depart="1514" />
    <vehicle id="right_464" type="SUMO_DEFAULT_TYPE" route="horizontal" depart="1515" />
    <vehicle id="left_465" type="SUMO_DEFAULT_TYPE" route="vertical" depart="1518" />
    <vehicle id="right_466" type="SUMO_DEFAULT_TYPE" route="horizontal" depart="1523" />
    <vehicle id="down_467" type="SUMO_DEFAULT_TYPE" route="always_left" depart="1523" color="1,0,0"/>
    <vehicle id="right_468" type="SUMO_DEFAULT_TYPE" route="horizontal" depart="1529" />
    <vehicle id="right_469" type="SUMO_DEFAULT_TYPE" route="horizontal" depart="1531" />
    <vehicle id="right_470" type="SUMO_DEFAULT_TYPE" route="horizontal" depart="1536" />
    <vehicle id="right_471" type="SUMO_DEFAULT_TYPE" route="horizontal" depart="1537" />
    <vehicle id="right_472" type="SUMO_DEFAULT_TYPE" route="horizontal" depart="1539" />
    <vehicle id="right_473" type="SUMO_DEFAULT_TYPE" route="horizontal" depart="1543" />
    <vehicle id="right_474" type="SUMO_DEFAULT_TYPE" route="horizontal" depart="1544" />
    <vehicle id="down_475" type="SUMO_DEFAULT_TYPE" route="always_right" depart="1549" color="1,0,0"/>
    <vehicle id="down_476" type="SUMO_DEFAULT_TYPE" route="always_left" depart="1551" color="1,0,0"/>
    <vehicle id="right_477" type="SUMO_DEFAULT_TYPE" route="horizontal" depart="1553" />
    <vehicle id="down_478" type="SUMO_DEFAULT_TYPE" route="always_left" depart="1557" color="1,0,0"/>
    <vehicle id="down_479" type="SUMO_DEFAULT_TYPE" route="always_right" depart="1558" color="1,0,0"/>
    <vehicle id="down_480" type="SUMO_DEFAULT_TYPE" route="always_left" depart="1562" color="1,0,0"/>
    <vehicle id="right_481" type="SUMO_DEFAULT_TYPE" route="horizontal" depart="1566" />
    <vehicle id="right_482" type="SUMO_DEFAULT_TYPE" route="horizontal" depart="1571" />
    <vehicle id="right_483" type="SUMO_DEFAULT_TYPE" route="horizontal" depart="1572" />
    <vehicle id="right_484" type="SUMO_DEFAULT_TYPE" route="horizontal" depart="1576" />
    <vehicle id="right_485" type="SUMO_DEFAULT_TYPE" route="horizontal" depart="1582" />
    <vehicle id="right_486" type="SUMO_DEFAULT_TYPE" route="horizontal" depart="1584" />
    <vehicle id="right_487" type="SUMO_DEFAULT_TYPE" route="horizontal" depart="1586" />
    <vehicle id="down_488" type="SUMO_DEFAULT_TYPE" route="always_left" depart="1588" color="1,0,0"/>
    <vehicle id="right_489" type="SUMO_DEFAULT_TYPE" route="horizontal" depart="1589" />
    <vehicle id="down_490" type="SUMO_DEFAULT_TYPE" route="always_right" depart="1600" color="1,0,0"/>
    <vehicle id="left_491" type="SUMO_DEFAULT_TYPE" route="vertical" depart="1606" />
    <vehicle id="left_492" type="SUMO_DEFAULT_TYPE" route="vertical" depart="1613" />
    <vehicle id="left_493" type="SUMO_DEFAULT_TYPE" route="vertical" depart="1624" />
    <vehicle id="right_494" type="SUMO_DEFAULT_TYPE" route="horizontal" depart="1625" />
    <vehicle id="left_495" type="SUMO_DEFAULT_TYPE" route="vertical" depart="1632" />
    <vehicle id="right_496" type="SUMO_DEFAULT_TYPE" route="horizontal" depart="1637" />
    <vehicle id="right_497" type="SUMO_DEFAULT_TYPE" route="horizontal" depart="1641" />
    <vehicle id="left_498" type="SUMO_DEFAULT_TYPE" route="vertical" depart="1647" />
    <vehicle id="right_499" type="SUMO_DEFAULT_TYPE" route="horizontal" depart="1654" />
    <vehicle id="right_500" type="SUMO_DEFAULT_TYPE" route="horizontal" depart="1655" />
    <vehicle id="right_501" type="SUMO_DEFAULT_TYPE" route="horizontal" depart="1657" />
    <vehicle id="down_502" type="SUMO_DEFAULT_TYPE" route="always_left" depart="1658" color="1,0,0"/>
    <vehicle id="right_503" type="SUMO_DEFAULT_TYPE" route="horizontal" depart="1661" />
    <vehicle id="right_504" type="SUMO_DEFAULT_TYPE" route="horizontal" depart="1662" />
    <vehicle id="right_505" type="SUMO_DEFAULT_TYPE" route="horizontal" depart="1667" />
    <vehicle id="right_506" type="SUMO_DEFAULT_TYPE" route="horizontal" depart="1674" />
    <vehicle id="left_507" type="SUMO_DEFAULT_TYPE" route="vertical" depart="1675" />
    <vehicle id="right_508" type="SUMO_DEFAULT_TYPE" route="horizontal" depart="1676" />
    <vehicle id="down_509" type="SUMO_DEFAULT_TYPE" route="always_right" depart="1683" color="1,0,0"/>
    <vehicle id="right_510" type="SUMO_DEFAULT_TYPE" route="horizontal" depart="1684" />
    <vehicle id="right_511" type="SUMO_DEFAULT_TYPE" route="horizontal" depart="1688" />
    <vehicle id="down_512" type="SUMO_DEFAULT_TYPE" route="always_left" depart="1688" color="1,0,0"/>
    <vehicle id="down_513" type="SUMO_DEFAULT_TYPE" route="always_right" depart="1691" color="1,0,0"/>
    <vehicle id="down_514" type="SUMO_DEFAULT_TYPE" route="always_right" depart="1694" color="1,0,0"/>
    <vehicle id="down_515" type="SUMO_DEFAULT_TYPE" route="always_right" depart="1701" color="1,0,0"/>
    <vehicle id="right_516" type="SUMO_DEFAULT_TYPE" route="horizontal" depart="1708" />
    <vehicle id="right_517" type="SUMO_DEFAULT_TYPE" route="horizontal" depart="1710" />
    <vehicle id="left_518" type="SUMO_DEFAULT_TYPE" route="vertical" depart="1710" />
    <vehicle id="down_519" type="SUMO_DEFAULT_TYPE" route="always_right" depart="1711" color="1,0,0"/>
    <vehicle id="right_520" type="SUMO_DEFAULT_TYPE" route="horizontal" depart="1712" />
    <vehicle id="right_521" type="SUMO_DEFAULT_TYPE" route="horizontal" depart="1714" />
    <vehicle id="right_522" type="SUMO_DEFAULT_TYPE" route="horizontal" depart="1717" />
    <vehicle id="right_523" type="SUMO_DEFAULT_TYPE" route="horizontal" depart="1721" />
    <vehicle id="right_524" type="SUMO_DEFAULT_TYPE" route="horizontal" depart="1724" />
    <vehicle id="right_525" type="SUMO_DEFAULT_TYPE" route="horizontal" depart="1728" />
    <vehicle id="down_526" type="SUMO_DEFAULT_TYPE" route="always_left" depart="1728" color="1,0,0"/>
    <vehicle id="left_527" type="SUMO_DEFAULT_TYPE" route="vertical" depart="1729" />
    <vehicle id="left_528" type="SUMO_DEFAULT_TYPE" route="vertical" depart="1730" />
    <vehicle id="down_529" type="SUMO_DEFAULT_TYPE" route="always_left" depart="1734" color="1,0,0"/>
    <vehicle id="down_530" type="SUMO_DEFAULT_TYPE" route="always_left" depart="1738" color="1,0,0"/>
    <vehicle id="down_531" type="SUMO_DEFAULT_TYPE" route="always_left" depart="1741" color="1,0,0"/>
    <vehicle id="right_532" type="SUMO_DEFAULT_TYPE" route="horizontal" depart="1745" />
    <vehicle id="right_533" type="SUMO_DEFAULT_TYPE" route="horizontal" depart="1751" />
    <vehicle id="right_534" type="SUMO_DEFAULT_TYPE" route="horizontal" depart="1752" />
    <vehicle id="right_535" type="SUMO_DEFAULT_TYPE" route="horizontal" depart="1757" />
    <vehicle id="right_536" type="SUMO_DEFAULT_TYPE" route="horizontal" depart="1760" />
    <vehicle id="right_537" type="SUMO_DEFAULT_TYPE" route="horizontal" depart="1774" />
    <vehicle id="right_538" type="SUMO_DEFAULT_TYPE" route="horizontal" depart="1776" />
    <vehicle id="left_539" type="SUMO_DEFAULT_TYPE" route="vertical" depart="1778" />
    <vehicle id="down_540" type="SUMO_DEFAULT_TYPE" route="always_right" depart="1778" color="1,0,0"/>
    <vehicle id="right_541" type="SUMO_DEFAULT_TYPE" route="horizontal" depart="1783" />
    <vehicle id="left_542" type="SUMO_DEFAULT_TYPE" route="vertical" depart="1783" />
    <vehicle id="right_543" type="SUMO_DEFAULT_TYPE" route="horizontal" depart="1785" />
    <vehicle id="right_544" type="SUMO_DEFAULT_TYPE" route="horizontal" depart="1787" />
    <vehicle id="down_545" type="SUMO_DEFAULT_TYPE" route="always_left" depart="1793" color="1,0,0"/>
    <vehicle id="down_546" type="SUMO_DEFAULT_TYPE" route="always_right" depart="1794" color="1,0,0"/>
    <vehicle id="left_547" type="SUMO_DEFAULT_TYPE" route="vertical" depart="1797" />
    <vehicle id="right_548" type="SUMO_DEFAULT_TYPE" route="horizontal" depart="1803" />
    <vehicle id="down_549" type="SUMO_DEFAULT_TYPE" route="always_right" depart="1803" color="1,0,0"/>
    <vehicle id="down_550" type="SUMO_DEFAULT_TYPE" route="always_right" depart="1806" color="1,0,0"/>
    <vehicle id="down_551" type="SUMO_DEFAULT_TYPE" route="always_left" depart="1809" color="1,0,0"/>
    <vehicle id="down_552" type="SUMO_DEFAULT_TYPE" route="always_right" depart="1810" color="1,0,0"/>
    <vehicle id="left_553" type="SUMO_DEFAULT_TYPE" route="vertical" depart="1817" />
    <vehicle id="right_554" type="SUMO_DEFAULT_TYPE" route="horizontal" depart="1822" />
    <vehicle id="down_555" type="SUMO_DEFAULT_TYPE" route="always_left" depart="1825" color="1,0,0"/>
    <vehicle id="right_556" type="SUMO_DEFAULT_TYPE" route="horizontal" depart="1826" />
    <vehicle id="down_557" type="SUMO_DEFAULT_TYPE" route="always_left" depart="1826" color="1,0,0"/>
    <vehicle id="left_558" type="SUMO_DEFAULT_TYPE" route="vertical" depart="1831" />
    <vehicle id="right_559" type="SUMO_DEFAULT_TYPE" route="horizontal" depart="1834" />
    <vehicle id="right_560" type="SUMO_DEFAULT_TYPE" route="horizontal" depart="1835" />
    <vehicle id="left_561" type="SUMO_DEFAULT_TYPE" route="vertical" depart="1836" />
    <vehicle id="down_562" type="SUMO_DEFAULT_TYPE" route="always_right" depart="1838" color="1,0,0"/>
    <vehicle id="right_563" type="SUMO_DEFAULT_TYPE" route="horizontal" depart="1842" />
    <vehicle id="down_564" type="SUMO_DEFAULT_TYPE" route="always_right" depart="1847" color="1,0,0"/>
    <vehicle id="right_565" type="SUMO_DEFAULT_TYPE" route="horizontal" depart="1854" />
    <vehicle id="down_566" type="SUMO_DEFAULT_TYPE" route="always_left" depart="1854" color="1,0,0"/>
    <vehicle id="right_567" type="SUMO_DEFAULT_TYPE" route="horizontal" depart="1858" />
    <vehicle id="down_568" type="SUMO_DEFAULT_TYPE" route="always_right" depart="1859" color="1,0,0"/>
    <vehicle id="down_569" type="SUMO_DEFAULT_TYPE" route="always_right" depart="1861" color="1,0,0"/>
    <vehicle id="down_570" type="SUMO_DEFAULT_TYPE" route="always_left" depart="1862" color="1,0,0"/>
    <vehicle id="left_571" type="SUMO_DEFAULT_TYPE" route="vertical" depart="1866" />
    <vehicle id="left_572" type="SUMO_DEFAULT_TYPE" route="vertical" depart="1870" />
    <vehicle id="right_573" type="SUMO_DEFAULT_TYPE" route="horizontal" depart="1872" />
    <vehicle id="left_574" type="SUMO_DEFAULT_TYPE" route="vertical" depart="1889" />
    <vehicle id="right_575" type="SUMO_DEFAULT_TYPE" route="horizontal" depart="1897" />
    <vehicle id="down_576" type="SUMO_DEFAULT_TYPE" route="always_left" depart="1897" color="1,0,0"/>
    <vehicle id="right_577" type="SUMO_DEFAULT_TYPE" route="horizontal" depart="1900" />
    <vehicle id="right_578" type="SUMO_DEFAULT_TYPE" route="horizontal" depart="1905" />
    <vehicle id="down_579" type="SUMO_DEFAULT_TYPE" route="always_left" depart="1905" color="1,0,0"/>
    <vehicle id="right_580" type="SUMO_DEFAULT_TYPE" route="horizontal" depart="1908" />
    <vehicle id="left_581" type="SUMO_DEFAULT_TYPE" route="vertical" depart="1910" />
    <vehicle id="right_582" type="SUMO_DEFAULT_TYPE" route="horizontal" depart="1911" />
    <vehicle id="down_583" type="SUMO_DEFAULT_TYPE" route="always_right" depart="1913" color="1,0,0"/>
    <vehicle id="right_584" type="SUMO_DEFAULT_TYPE" route="horizontal" depart="1914" />
    <vehicle id="left_585" type="SUMO_DEFAULT_TYPE" route="vertical" depart="1914" />
    <vehicle id="left_586" type="SUMO_DEFAULT_TYPE" route="vertical" depart="1924" />
    <vehicle id="left_587" type="SUMO_DEFAULT_TYPE" route="vertical" depart="1926" />
    <vehicle id="right_588" type="SUMO_DEFAULT_TYPE" route="horizontal" depart="1928" />
    <vehicle id="down_589" type="SUMO_DEFAULT_TYPE" route="always_left" depart="1931" color="1,0,0"/>
    <vehicle id="left_590" type="SUMO_DEFAULT_TYPE" route="vertical" depart="1934" />
    <vehicle id="right_591" type="SUMO_DEFAULT_TYPE" route="horizontal" depart="1937" />
    <vehicle id="left_592" type="SUMO_DEFAULT_TYPE" route="vertical" depart="1937" />
    <vehicle id="right_593" type="SUMO_DEFAULT_TYPE" route="horizontal" depart="1942" />
    <vehicle id="right_594" type="SUMO_DEFAULT_TYPE" route="horizontal" depart="1948" />
    <vehicle id="left_595" type="SUMO_DEFAULT_TYPE" route="vertical" depart="1956" />
    <vehicle id="down_596" type="SUMO_DEFAULT_TYPE" route="always_left" depart="1957" color="1,0,0"/>
    <vehicle id="down_597" type="SUMO_DEFAULT_TYPE" route="always_right" depart="1960" color="1,0,0"/>
    <vehicle id="left_598" type="SUMO_DEFAULT_TYPE" route="vertical" depart="1964" />
    <vehicle id="right_599" type="SUMO_DEFAULT_TYPE" route="horizontal" depart="1966" />
    <vehicle id="left_600" type="SUMO_DEFAULT_TYPE" route="vertical" depart="1967" />
    <vehicle id="left_601" type="SUMO_DEFAULT_TYPE" route="vertical" depart="1970" />
    <vehicle id="down_602" type="SUMO_DEFAULT_TYPE" route="always_right" depart="1972" color="1,0,0"/>
    <vehicle id="right_603" type="SUMO_DEFAULT_TYPE" route="horizontal" depart="1976" />
    <vehicle id="left_604" type="SUMO_DEFAULT_TYPE" route="vertical" depart="1977" />
    <vehicle id="left_605" type="SUMO_DEFAULT_TYPE" route="vertical" depart="1980" />
    <vehicle id="down_606" type="SUMO_DEFAULT_TYPE" route="always_left" depart="1984" color="1,0,0"/>
    <vehicle id="down_607" type="SUMO_DEFAULT_TYPE" route="always_right" depart="1987" color="1,0,0"/>
    <vehicle id="down_608" type="SUMO_DEFAULT_TYPE" route="always_left" depart="1995" color="1,0,0"/>
    <vehicle id="left_609" type="SUMO_DEFAULT_TYPE" route="vertical" depart="1999" />
    <vehicle id="left_610" type="SUMO_DEFAULT_TYPE" route="vertical" depart="2004" />
    <vehicle id="right_611" type="SUMO_DEFAULT_TYPE" route="horizontal" depart="2005" />
    <vehicle id="down_612" type="SUMO_DEFAULT_TYPE" route="always_left" depart="2005" color="1,0,0"/>
    <vehicle id="left_613" type="SUMO_DEFAULT_TYPE" route="vertical" depart="2009" />
    <vehicle id="right_614" type="SUMO_DEFAULT_TYPE" route="horizontal" depart="2010" />
    <vehicle id="right_615" type="SUMO_DEFAULT_TYPE" route="horizontal" depart="2015" />
    <vehicle id="left_616" type="SUMO_DEFAULT_TYPE" route="vertical" depart="2017" />
    <vehicle id="right_617" type="SUMO_DEFAULT_TYPE" route="horizontal" depart="2021" />
    <vehicle id="right_618" type="SUMO_DEFAULT_TYPE" route="horizontal" depart="2023" />
    <vehicle id="left_619" type="SUMO_DEFAULT_TYPE" route="vertical" depart="2028" />
    <vehicle id="right_620" type="SUMO_DEFAULT_TYPE" route="horizontal" depart="2035" />
    <vehicle id="left_621" type="SUMO_DEFAULT_TYPE" route="vertical" depart="2035" />
    <vehicle id="right_622" type="SUMO_DEFAULT_TYPE" route="horizontal" depart="2042" />
    <vehicle id="right_623" type="SUMO_DEFAULT_TYPE" route="horizontal" depart="2051" />
    <vehicle id="right_624" type="SUMO_DEFAULT_TYPE" route="horizontal" depart="2053" />
    <vehicle id="down_625" type="SUMO_DEFAULT_TYPE" route="always_right" depart="2054" color="1,0,0"/>
    <vehicle id="right_626" type="SUMO_DEFAULT_TYPE" route="horizontal" depart="2058" />
    <vehicle id="right_627" type="SUMO_DEFAULT_TYPE" route="horizontal" depart="2064" />
    <vehicle id="right_628" type="SUMO_DEFAULT_TYPE" route="horizontal" depart="2065" />
    <vehicle id="right_629" type="SUMO_DEFAULT_TYPE" route="horizontal" depart="2068" />
    <vehicle id="left_630" type="SUMO_DEFAULT_TYPE" route="vertical" depart="2069" />
    <vehicle id="right_631" type="SUMO_DEFAULT_TYPE" route="horizontal" depart="2074" />
    <vehicle id="left_632" type="SUMO_DEFAULT_TYPE" route="vertical" depart="2075" />
    <vehicle id="right_633" type="SUMO_DEFAULT_TYPE" route="horizontal" depart="2077" />
    <vehicle id="right_634" type="SUMO_DEFAULT_TYPE" route="horizontal" depart="2083" />
    <vehicle id="right_635" type="SUMO_DEFAULT_TYPE" route="horizontal" depart="2086" />
    <vehicle id="left_636" type="SUMO_DEFAULT_TYPE" route="vertical" depart="2089" />
    <vehicle id="right_637" type="SUMO_DEFAULT_TYPE" route="horizontal" depart="2090" />
    <vehicle id="down_638" type="SUMO_DEFAULT_TYPE" route="always_left" depart="2092" color="1,0,0"/>
    <vehicle id="down_639" type="SUMO_DEFAULT_TYPE" route="always_left" depart="2099" color="1,0,0"/>
    <vehicle id="right_640" type="SUMO_DEFAULT_TYPE" route="horizontal" depart="2101" />
    <vehicle id="left_641" type="SUMO_DEFAULT_TYPE" route="vertical" depart="2106" />
    <vehicle id="right_642" type="SUMO_DEFAULT_TYPE" route="horizontal" depart="2116" />
    <vehicle id="right_643" type="SUMO_DEFAULT_TYPE" route="horizontal" depart="2119" />
    <vehicle id="down_644" type="SUMO_DEFAULT_TYPE" route="always_right" depart="2123" color="1,0,0"/>
    <vehicle id="left_645" type="SUMO_DEFAULT_TYPE" route="vertical" depart="2125" />
    <vehicle id="right_646" type="SUMO_DEFAULT_TYPE" route="horizontal" depart="2126" />
    <vehicle id="right_647" type="SUMO_DEFAULT_TYPE" route="horizontal" depart="2131" />
    <vehicle id="right_648" type="SUMO_DEFAULT_TYPE" route="horizontal" depart="2136" />
    <vehicle id="down_649" type="SUMO_DEFAULT_TYPE" route="always_left" depart="2136" color="1,0,0"/>
    <vehicle id="right_650" type="SUMO_DEFAULT_TYPE" route="horizontal" depart="2146" />
    <vehicle id="left_651" type="SUMO_DEFAULT_TYPE" route="vertical" depart="2146" />
    <vehicle id="right_652" type="SUMO_DEFAULT_TYPE" route="horizontal" depart="2150" />
    <vehicle id="left_653" type="SUMO_DEFAULT_TYPE" route="vertical" depart="2150" />
    <vehicle id="right_654" type="SUMO_DEFAULT_TYPE" route="horizontal" depart="2153" />
    <vehicle id="left_655" type="SUMO_DEFAULT_TYPE" route="vertical" depart="2153" />
    <vehicle id="right_656" type="SUMO_DEFAULT_TYPE" route="horizontal" depart="2157" />
    <vehicle id="down_657" type="SUMO_DEFAULT_TYPE" route="always_left" depart="2164" color="1,0,0"/>
    <vehicle id="left_658" type="SUMO_DEFAULT_TYPE" route="vertical" depart="2173" />
    <vehicle id="down_659" type="SUMO_DEFAULT_TYPE" route="always_right" depart="2175" color="1,0,0"/>
    <vehicle id="down_660" type="SUMO_DEFAULT_TYPE" route="always_right" depart="2187" color="1,0,0"/>
    <vehicle id="right_661" type="SUMO_DEFAULT_TYPE" route="horizontal" depart="2189" />
    <vehicle id="left_662" type="SUMO_DEFAULT_TYPE" route="vertical" depart="2189" />
    <vehicle id="down_663" type="SUMO_DEFAULT_TYPE" route="always_right" depart="2191" color="1,0,0"/>
    <vehicle id="left_664" type="SUMO_DEFAULT_TYPE" route="vertical" depart="2193" />
    <vehicle id="right_665" type="SUMO_DEFAULT_TYPE" route="horizontal" depart="2194" />
    <vehicle id="left_666" type="SUMO_DEFAULT_TYPE" route="vertical" depart="2200" />
    <vehicle id="right_667" type="SUMO_DEFAULT_TYPE" route="horizontal" depart="2203" />
    <vehicle id="left_668" type="SUMO_DEFAULT_TYPE" route="vertical" depart="2209" />
    <vehicle id="down_669" type="SUMO_DEFAULT_TYPE" route="always_left" depart="2209" color="1,0,0"/>
    <vehicle id="left_670" type="SUMO_DEFAULT_TYPE" route="vertical" depart="2219" />
    <vehicle id="down_671" type="SUMO_DEFAULT_TYPE" route="always_right" depart="2219" color="1,0,0"/>
    <vehicle id="right_672" type="SUMO_DEFAULT_TYPE" route="horizontal" depart="2224" />
    <vehicle id="right_673" type="SUMO_DEFAULT_TYPE" route="horizontal" depart="2225" />
    <vehicle id="left_674" type="SUMO_DEFAULT_TYPE" route="vertical" depart="2226" />
    <vehicle id="right_675" type="SUMO_DEFAULT_TYPE" route="horizontal" depart="2227" />
    <vehicle id="down_676" type="SUMO_DEFAULT_TYPE" route="always_right" depart="2231" color="1,0,0"/>
    <vehicle id="down_677" type="SUMO_DEFAULT_TYPE" route="always_left" depart="2232" color="1,0,0"/>
    <vehicle id="right_678" type="SUMO_DEFAULT_TYPE" route="horizontal" depart="2236" />
    <vehicle id="left_679" type="SUMO_DEFAULT_TYPE" route="vertical" depart="2241" />
    <vehicle id="right_680" type="SUMO_DEFAULT_TYPE" route="horizontal" depart="2242" />
    <vehicle id="down_681" type="SUMO_DEFAULT_TYPE" route="always_left" depart="2243" color="1,0,0"/>
    <vehicle id="right_682" type="SUMO_DEFAULT_TYPE" route="horizontal" depart="2245" />
    <vehicle id="down_683" type="SUMO_DEFAULT_TYPE" route="always_right" depart="2245" color="1,0,0"/>
    <vehicle id="right_684" type="SUMO_DEFAULT_TYPE" route="horizontal" depart="2248" />
    <vehicle id="left_685" type="SUMO_DEFAULT_TYPE" route="vertical" depart="2257" />
    <vehicle id="right_686" type="SUMO_DEFAULT_TYPE" route="horizontal" depart="2260" />
    <vehicle id="left_687" type="SUMO_DEFAULT_TYPE" route="vertical" depart="2264" />
    <vehicle id="left_688" type="SUMO_DEFAULT_TYPE" route="vertical" depart="2269" />
    <vehicle id="right_689" type="SUMO_DEFAULT_TYPE" route="horizontal" depart="2277" />
    <vehicle id="left_690" type="SUMO_DEFAULT_TYPE" route="vertical" depart="2280" />
    <vehicle id="left_691" type="SUMO_DEFAULT_TYPE" route="vertical" depart="2286" />
    <vehicle id="right_692" type="SUMO_DEFAULT_TYPE" route="horizontal" depart="2287" />
    <vehicle id="left_693" type="SUMO_DEFAULT_TYPE" route="vertical" depart="2291" />
    <vehicle id="right_694" type="SUMO_DEFAULT_TYPE" route="horizontal" depart="2292" />
    <vehicle id="down_695" type="SUMO_DEFAULT_TYPE" route="always_left" depart="2295" color="1,0,0"/>
    <vehicle id="right_696" type="SUMO_DEFAULT_TYPE" route="horizontal" depart="2296" />
    <vehicle id="right_697" type="SUMO_DEFAULT_TYPE" route="horizontal" depart="2299" />
    <vehicle id="right_698" type="SUMO_DEFAULT_TYPE" route="horizontal" depart="2303" />
    <vehicle id="down_699" type="SUMO_DEFAULT_TYPE" route="always_left" depart="2305" color="1,0,0"/>
    <vehicle id="left_700" type="SUMO_DEFAULT_TYPE" route="vertical" depart="2309" />
    <vehicle id="left_701" type="SUMO_DEFAULT_TYPE" route="vertical" depart="2312" />
    <vehicle id="right_702" type="SUMO_DEFAULT_TYPE" route="horizontal" depart="2318" />
    <vehicle id="down_703" type="SUMO_DEFAULT_TYPE" route="always_right" depart="2321" color="1,0,0"/>
    <vehicle id="down_704" type="SUMO_DEFAULT_TYPE" route="always_right" depart="2330" color="1,0,0"/>
    <vehicle id="right_705" type="SUMO_DEFAULT_TYPE" route="horizontal" depart="2331" />
    <vehicle id="left_706" type="SUMO_DEFAULT_TYPE" route="vertical" depart="2333" />
    <vehicle id="left_707" type="SUMO_DEFAULT_TYPE" route="vertical" depart="2334" />
    <vehicle id="down_708" type="SUMO_DEFAULT_TYPE" route="always_right" depart="2336" color="1,0,0"/>
    <vehicle id="right_709" type="SUMO_DEFAULT_TYPE" route="horizontal" depart="2337" />
    <vehicle id="right_710" type="SUMO_DEFAULT_TYPE" route="horizontal" depart="2338" />
    <vehicle id="right_711" type="SUMO_DEFAULT_TYPE" route="horizontal" depart="2348" />
    <vehicle id="right_712" type="SUMO_DEFAULT_TYPE" route="horizontal" depart="2350" />
    <vehicle id="left_713" type="SUMO_DEFAULT_TYPE" route="vertical" depart="2351" />
    <vehicle id="down_714" type="SUMO_DEFAULT_TYPE" route="always_right" depart="2352" color="1,0,0"/>
    <vehicle id="right_715" type="SUMO_DEFAULT_TYPE" route="horizontal" depart="2355" />
    <vehicle id="left_716" type="SUMO_DEFAULT_TYPE" route="vertical" depart="2356" />
    <vehicle id="right_717" type="SUMO_DEFAULT_TYPE" route="horizontal" depart="2359" />
    <vehicle id="left_718" type="SUMO_DEFAULT_TYPE" route="vertical" depart="2363" />
    <vehicle id="right_719" type="SUMO_DEFAULT_TYPE" route="horizontal" depart="2367" />
    <vehicle id="down_720" type="SUMO_DEFAULT_TYPE" route="always_right" depart="2367" color="1,0,0"/>
    <vehicle id="right_721" type="SUMO_DEFAULT_TYPE" route="horizontal" depart="2368" />
    <vehicle id="left_722" type="SUMO_DEFAULT_TYPE" route="vertical" depart="2368" />
    <vehicle id="right_723" type="SUMO_DEFAULT_TYPE" route="horizontal" depart="2372" />
    <vehicle id="right_724" type="SUMO_DEFAULT_TYPE" route="horizontal" depart="2374" />
    <vehicle id="left_725" type="SUMO_DEFAULT_TYPE" route="vertical" depart="2380" />
    <vehicle id="right_726" type="SUMO_DEFAULT_TYPE" route="horizontal" depart="2381" />
    <vehicle id="right_727" type="SUMO_DEFAULT_TYPE" route="horizontal" depart="2382" />
    <vehicle id="left_728" type="SUMO_DEFAULT_TYPE" route="vertical" depart="2389" />
    <vehicle id="right_729" type="SUMO_DEFAULT_TYPE" route="horizontal" depart="2396" />
    <vehicle id="right_730" type="SUMO_DEFAULT_TYPE" route="horizontal" depart="2398" />
    <vehicle id="down_731" type="SUMO_DEFAULT_TYPE" route="always_left" depart="2403" color="1,0,0"/>
    <vehicle id="right_732" type="SUMO_DEFAULT_TYPE" route="horizontal" depart="2411" />
    <vehicle id="right_733" type="SUMO_DEFAULT_TYPE" route="horizontal" depart="2413" />
    <vehicle id="down_734" type="SUMO_DEFAULT_TYPE" route="always_right" depart="2413" color="1,0,0"/>
    <vehicle id="down_735" type="SUMO_DEFAULT_TYPE" route="always_right" depart="2425" color="1,0,0"/>
    <vehicle id="right_736" type="SUMO_DEFAULT_TYPE" route="horizontal" depart="2426" />
    <vehicle id="down_737" type="SUMO_DEFAULT_TYPE" route="always_right" depart="2427" color="1,0,0"/>
    <vehicle id="right_738" type="SUMO_DEFAULT_TYPE" route="horizontal" depart="2431" />
    <vehicle id="right_739" type="SUMO_DEFAULT_TYPE" route="horizontal" depart="2433" />
    <vehicle id="left_740" type="SUMO_DEFAULT_TYPE" route="vertical" depart="2436" />
    <vehicle id="right_741" type="SUMO_DEFAULT_TYPE" route="horizontal" depart="2438" />
    <vehicle id="left_742" type="SUMO_DEFAULT_TYPE" route="vertical" depart="2440" />
    <vehicle id="left_743" type="SUMO_DEFAULT_TYPE" route="vertical" depart="2444" />
    <vehicle id="left_744" type="SUMO_DEFAULT_TYPE" route="vertical" depart="2445" />
    <vehicle id="left_745" type="SUMO_DEFAULT_TYPE" route="vertical" depart="2451" />
    <vehicle id="right_746" type="SUMO_DEFAULT_TYPE" route="horizontal" depart="2452" />
    <vehicle id="left_747" type="SUMO_DEFAULT_TYPE" route="vertical" depart="2452" />
    <vehicle id="right_748" type="SUMO_DEFAULT_TYPE" route="horizontal" depart="2453" />
    <vehicle id="left_749" type="SUMO_DEFAULT_TYPE" route="vertical" depart="2454" />
    <vehicle id="right_750" type="SUMO_DEFAULT_TYPE" route="horizontal" depart="2461" />
    <vehicle id="down_751" type="SUMO_DEFAULT_TYPE" route="always_right" depart="2461" color="1,0,0"/>
    <vehicle id="down_752" type="SUMO_DEFAULT_TYPE" route="always_left" depart="2462" color="1,0,0"/>
    <vehicle id="right_753" type="SUMO_DEFAULT_TYPE" route="horizontal" depart="2467" />
    <vehicle id="right_754" type="SUMO_DEFAULT_TYPE" route="horizontal" depart="2472" />
    <vehicle id="right_755" type="SUMO_DEFAULT_TYPE" route="horizontal" depart="2489" />
    <vehicle id="right_756" type="SUMO_DEFAULT_TYPE" route="horizontal" depart="2490" />
    <vehicle id="right_757" type="SUMO_DEFAULT_TYPE" route="horizontal" depart="2493" />
    <vehicle id="left_758" type="SUMO_DEFAULT_TYPE" route="vertical" depart="2495" />
    <vehicle id="down_759" type="SUMO_DEFAULT_TYPE" route="always_right" depart="2496" color="1,0,0"/>
    <vehicle id="right_760" type="SUMO_DEFAULT_TYPE" route="horizontal" depart="2498" />
    <vehicle id="right_761" type="SUMO_DEFAULT_TYPE" route="horizontal" depart="2501" />
    <vehicle id="left_762" type="SUMO_DEFAULT_TYPE" route="vertical" depart="2502" />
    <vehicle id="left_763" type="SUMO_DEFAULT_TYPE" route="vertical" depart="2503" />
    <vehicle id="down_764" type="SUMO_DEFAULT_TYPE" route="always_left" depart="2503" color="1,0,0"/>
    <vehicle id="left_765" type="SUMO_DEFAULT_TYPE" route="vertical" depart="2505" />
    <vehicle id="down_766" type="SUMO_DEFAULT_TYPE" route="always_right" depart="2512" color="1,0,0"/>
    <vehicle id="left_767" type="SUMO_DEFAULT_TYPE" route="vertical" depart="2514" />
    <vehicle id="right_768" type="SUMO_DEFAULT_TYPE" route="horizontal" depart="2516" />
    <vehicle id="left_769" type="SUMO_DEFAULT_TYPE" route="vertical" depart="2516" />
    <vehicle id="right_770" type="SUMO_DEFAULT_TYPE" route="horizontal" depart="2522" />
    <vehicle id="right_771" type="SUMO_DEFAULT_TYPE" route="horizontal" depart="2525" />
    <vehicle id="down_772" type="SUMO_DEFAULT_TYPE" route="always_left" depart="2525" color="1,0,0"/>
    <vehicle id="right_773" type="SUMO_DEFAULT_TYPE" route="horizontal" depart="2528" />
    <vehicle id="right_774" type="SUMO_DEFAULT_TYPE" route="horizontal" depart="2529" />
    <vehicle id="right_775" type="SUMO_DEFAULT_TYPE" route="horizontal" depart="2530" />
    <vehicle id="down_776" type="SUMO_DEFAULT_TYPE" route="always_left" depart="2537" color="1,0,0"/>
    <vehicle id="left_777" type="SUMO_DEFAULT_TYPE" route="vertical" depart="2538" />
    <vehicle id="right_778" type="SUMO_DEFAULT_TYPE" route="horizontal" depart="2541" />
    <vehicle id="right_779" type="SUMO_DEFAULT_TYPE" route="horizontal" depart="2544" />
    <vehicle id="left_780" type="SUMO_DEFAULT_TYPE" route="vertical" depart="2545" />
    <vehicle id="right_781" type="SUMO_DEFAULT_TYPE" route="horizontal" depart="2548" />
    <vehicle id="right_782" type="SUMO_DEFAULT_TYPE" route="horizontal" depart="2549" />
    <vehicle id="right_783" type="SUMO_DEFAULT_TYPE" route="horizontal" depart="2552" />
    <vehicle id="right_784" type="SUMO_DEFAULT_TYPE" route="horizontal" depart="2557" />
    <vehicle id="down_785" type="SUMO_DEFAULT_TYPE" route="always_right" depart="2557" color="1,0,0"/>
    <vehicle id="left_786" type="SUMO_DEFAULT_TYPE" route="vertical" depart="2560" />
    <vehicle id="left_787" type="SUMO_DEFAULT_TYPE" route="vertical" depart="2561" />
    <vehicle id="right_788" type="SUMO_DEFAULT_TYPE" route="horizontal" depart="2564" />
    <vehicle id="right_789" type="SUMO_DEFAULT_TYPE" route="horizontal" depart="2572" />
    <vehicle id="right_790" type="SUMO_DEFAULT_TYPE" route="horizontal" depart="2573" />
    <vehicle id="right_791" type="SUMO_DEFAULT_TYPE" route="horizontal" depart="2575" />
    <vehicle id="left_792" type="SUMO_DEFAULT_TYPE" route="vertical" depart="2581" />
    <vehicle id="right_793" type="SUMO_DEFAULT_TYPE" route="horizontal" depart="2592" />
    <vehicle id="right_794" type="SUMO_DEFAULT_TYPE" route="horizontal" depart="2595" />
    <vehicle id="right_795" type="SUMO_DEFAULT_TYPE" route="horizontal" depart="2596" />
    <vehicle id="left_796" type="SUMO_DEFAULT_TYPE" route="vertical" depart="2597" />
    <vehicle id="down_797" type="SUMO_DEFAULT_TYPE" route="always_right" depart="2597" color="1,0,0"/>
    <vehicle id="right_798" type="SUMO_DEFAULT_TYPE" route="horizontal" depart="2602" />
    <vehicle id="left_799" type="SUMO_DEFAULT_TYPE" route="vertical" depart="2607" />
    <vehicle id="down_800" type="SUMO_DEFAULT_TYPE" route="always_right" depart="2607" color="1,0,0"/>
    <vehicle id="right_801" type="SUMO_DEFAULT_TYPE" route="horizontal" depart="2608" />
    <vehicle id="down_802" type="SUMO_DEFAULT_TYPE" route="always_left" depart="2611" color="1,0,0"/>
    <vehicle id="right_803" type="SUMO_DEFAULT_TYPE" route="horizontal" depart="2617" />
    <vehicle id="left_804" type="SUMO_DEFAULT_TYPE" route="vertical" depart="2628" />
    <vehicle id="right_805" type="SUMO_DEFAULT_TYPE" route="horizontal" depart="2629" />
    <vehicle id="right_806" type="SUMO_DEFAULT_TYPE" route="horizontal" depart="2634" />
    <vehicle id="left_807" type="SUMO_DEFAULT_TYPE" route="vertical" depart="2638" />
    <vehicle id="down_808" type="SUMO_DEFAULT_TYPE" route="always_left" depart="2639" color="1,0,0"/>
    <vehicle id="left_809" type="SUMO_DEFAULT_TYPE" route="vertical" depart="2642" />
    <vehicle id="right_810" type="SUMO_DEFAULT_TYPE" route="horizontal" depart="2644" />
    <vehicle id="down_811" type="SUMO_DEFAULT_TYPE" route="always_right" depart="2645" color="1,0,0"/>
    <vehicle id="right_812" type="SUMO_DEFAULT_TYPE" route="horizontal" depart="2647" />
    <vehicle id="right_813" type="SUMO_DEFAULT_TYPE" route="horizontal" depart="2651" />
    <vehicle id="down_814" type="SUMO_DEFAULT_TYPE" route="always_left" depart="2654" color="1,0,0"/>
    <vehicle id="right_815" type="SUMO_DEFAULT_TYPE" route="horizontal" depart="2660" />
    <vehicle id="right_816" type="SUMO_DEFAULT_TYPE" route="horizontal" depart="2668" />
    <vehicle id="right_817" type="SUMO_DEFAULT_TYPE" route="horizontal" depart="2675" />
    <vehicle id="right_818" type="SUMO_DEFAULT_TYPE" route="horizontal" depart="2680" />
    <vehicle id="down_819" type="SUMO_DEFAULT_TYPE" route="always_right" depart="2688" color="1,0,0"/>
    <vehicle id="down_820" type="SUMO_DEFAULT_TYPE" route="always_right" depart="2691" color="1,0,0"/>
    <vehicle id="down_821" type="SUMO_DEFAULT_TYPE" route="always_left" depart="2692" color="1,0,0"/>
    <vehicle id="right_822" type="SUMO_DEFAULT_TYPE" route="horizontal" depart="2693" />
    <vehicle id="left_823" type="SUMO_DEFAULT_TYPE" route="vertical" depart="2694" />
    <vehicle id="right_824" type="SUMO_DEFAULT_TYPE" route="horizontal" depart="2695" />
    <vehicle id="right_825" type="SUMO_DEFAULT_TYPE" route="horizontal" depart="2699" />
    <vehicle id="right_826" type="SUMO_DEFAULT_TYPE" route="horizontal" depart="2701" />
    <vehicle id="right_827" type="SUMO_DEFAULT_TYPE" route="horizontal" depart="2703" />
    <vehicle id="left_828" type="SUMO_DEFAULT_TYPE" route="vertical" depart="2706" />
    <vehicle id="left_829" type="SUMO_DEFAULT_TYPE" route="vertical" depart="2707" />
    <vehicle id="left_830" type="SUMO_DEFAULT_TYPE" route="vertical" depart="2709" />
    <vehicle id="right_831" type="SUMO_DEFAULT_TYPE" route="horizontal" depart="2716" />
    <vehicle id="left_832" type="SUMO_DEFAULT_TYPE" route="vertical" depart="2724" />
    <vehicle id="left_833" type="SUMO_DEFAULT_TYPE" route="vertical" depart="2725" />
    <vehicle id="down_834" type="SUMO_DEFAULT_TYPE" route="always_left" depart="2727" color="1,0,0"/>
    <vehicle id="down_835" type="SUMO_DEFAULT_TYPE" route="always_left" depart="2728" color="1,0,0"/>
    <vehicle id="down_836" type="SUMO_DEFAULT_TYPE" route="always_right" depart="2730" color="1,0,0"/>
    <vehicle id="right_837" type="SUMO_DEFAULT_TYPE" route="horizontal" depart="2736" />
    <vehicle id="down_838" type="SUMO_DEFAULT_TYPE" route="always_left" depart="2740" color="1,0,0"/>
    <vehicle id="left_839" type="SUMO_DEFAULT_TYPE" route="vertical" depart="2742" />
    <vehicle id="right_840" type="SUMO_DEFAULT_TYPE" route="horizontal" depart="2746" />
    <vehicle id="right_841" type="SUMO_DEFAULT_TYPE" route="horizontal" depart="2752" />
    <vehicle id="down_842" type="SUMO_DEFAULT_TYPE" route="always_left" depart="2754" color="1,0,0"/>
    <vehicle id="left_843" type="SUMO_DEFAULT_TYPE" route="vertical" depart="2756" />
    <vehicle id="down_844" type="SUMO_DEFAULT_TYPE" route="always_left" depart="2757" color="1,0,0"/>
    <vehicle id="left_845" type="SUMO_DEFAULT_TYPE" route="vertical" depart="2769" />
    <vehicle id="down_846" type="SUMO_DEFAULT_TYPE" route="always_left" depart="2770" color="1,0,0"/>
    <vehicle id="left_847" type="SUMO_DEFAULT_TYPE" route="vertical" depart="2771" />
    <vehicle id="down_848" type="SUMO_DEFAULT_TYPE" route="always_right" depart="2777" color="1,0,0"/>
    <vehicle id="down_849" type="SUMO_DEFAULT_TYPE" route="always_right" depart="2784" color="1,0,0"/>
    <vehicle id="down_850" type="SUMO_DEFAULT_TYPE" route="always_right" depart="2786" color="1,0,0"/>
    <vehicle id="left_851" type="SUMO_DEFAULT_TYPE" route="vertical" depart="2787" />
    <vehicle id="down_852" type="SUMO_DEFAULT_TYPE" route="always_left" depart="2789" color="1,0,0"/>
    <vehicle id="right_853" type="SUMO_DEFAULT_TYPE" route="horizontal" depart="2792" />
    <vehicle id="right_854" type="SUMO_DEFAULT_TYPE" route="horizontal" depart="2795" />
    <vehicle id="down_855" type="SUMO_DEFAULT_TYPE" route="always_left" depart="2796" color="1,0,0"/>
    <vehicle id="right_856" type="SUMO_DEFAULT_TYPE" route="horizontal" depart="2798" />
    <vehicle id="right_857" type="SUMO_DEFAULT_TYPE" route="horizontal" depart="2809" />
    <vehicle id="down_858" type="SUMO_DEFAULT_TYPE" route="always_left" depart="2819" color="1,0,0"/>
    <vehicle id="down_859" type="SUMO_DEFAULT_TYPE" route="always_right" depart="2819" color="1,0,0"/>
    <vehicle id="right_860" type="SUMO_DEFAULT_TYPE" route="horizontal" depart="2821" />
    <vehicle id="right_861" type="SUMO_DEFAULT_TYPE" route="horizontal" depart="2822" />
    <vehicle id="right_862" type="SUMO_DEFAULT_TYPE" route="horizontal" depart="2823" />
    <vehicle id="right_863" type="SUMO_DEFAULT_TYPE" route="horizontal" depart="2826" />
    <vehicle id="right_864" type="SUMO_DEFAULT_TYPE" route="horizontal" depart="2829" />
    <vehicle id="right_865" type="SUMO_DEFAULT_TYPE" route="horizontal" depart="2837" />
    <vehicle id="down_866" type="SUMO_DEFAULT_TYPE" route="always_left" depart="2842" color="1,0,0"/>
    <vehicle id="left_867" type="SUMO_DEFAULT_TYPE" route="vertical" depart="2848" />
    <vehicle id="left_868" type="SUMO_DEFAULT_TYPE" route="vertical" depart="2852" />
    <vehicle id="right_869" type="SUMO_DEFAULT_TYPE" route="horizontal" depart="2853" />
    <vehicle id="right_870" type="SUMO_DEFAULT_TYPE" route="horizontal" depart="2857" />
    <vehicle id="left_871" type="SUMO_DEFAULT_TYPE" route="vertical" depart="2857" />
    <vehicle id="right_872" type="SUMO_DEFAULT_TYPE" route="horizontal" depart="2861" />
    <vehicle id="right_873" type="SUMO_DEFAULT_TYPE" route="horizontal" depart="2870" />
    <vehicle id="right_874" type="SUMO_DEFAULT_TYPE" route="horizontal" depart="2879" />
    <vehicle id="left_875" type="SUMO_DEFAULT_TYPE" route="vertical" depart="2884" />
    <vehicle id="right_876" type="SUMO_DEFAULT_TYPE" route="horizontal" depart="2890" />
    <vehicle id="down_877" type="SUMO_DEFAULT_TYPE" route="always_right" depart="2891" color="1,0,0"/>
    <vehicle id="left_878" type="SUMO_DEFAULT_TYPE" route="vertical" depart="2892" />
    <vehicle id="left_879" type="SUMO_DEFAULT_TYPE" route="vertical" depart="2896" />
    <vehicle id="down_880" type="SUMO_DEFAULT_TYPE" route="always_left" depart="2898" color="1,0,0"/>
    <vehicle id="right_881" type="SUMO_DEFAULT_TYPE" route="horizontal" depart="2899" />
    <vehicle id="left_882" type="SUMO_DEFAULT_TYPE" route="vertical" depart="2907" />
    <vehicle id="down_883" type="SUMO_DEFAULT_TYPE" route="always_right" depart="2907" color="1,0,0"/>
    <vehicle id="left_884" type="SUMO_DEFAULT_TYPE" route="vertical" depart="2908" />
    <vehicle id="down_885" type="SUMO_DEFAULT_TYPE" route="always_right" depart="2912" color="1,0,0"/>
    <vehicle id="down_886" type="SUMO_DEFAULT_TYPE" route="always_right" depart="2924" color="1,0,0"/>
    <vehicle id="left_887" type="SUMO_DEFAULT_TYPE" route="vertical" depart="2931" />
    <vehicle id="down_888" type="SUMO_DEFAULT_TYPE" route="always_left" depart="2937" color="1,0,0"/>
    <vehicle id="left_889" type="SUMO_DEFAULT_TYPE" route="vertical" depart="2938" />
    <vehicle id="down_890" type="SUMO_DEFAULT_TYPE" route="always_left" depart="2939" color="1,0,0"/>
    <vehicle id="right_891" type="SUMO_DEFAULT_TYPE" route="horizontal" depart="2940" />
    <vehicle id="down_892" type="SUMO_DEFAULT_TYPE" route="always_left" depart="2951" color="1,0,0"/>
    <vehicle id="left_893" type="SUMO_DEFAULT_TYPE" route="vertical" depart="2952" />
    <vehicle id="left_894" type="SUMO_DEFAULT_TYPE" route="vertical" depart="2953" />
    <vehicle id="left_895" type="SUMO_DEFAULT_TYPE" route="vertical" depart="2960" />
    <vehicle id="right_896" type="SUMO_DEFAULT_TYPE" route="horizontal" depart="2962" />
    <vehicle id="right_897" type="SUMO_DEFAULT_TYPE" route="horizontal" depart="2966" />
    <vehicle id="left_898" type="SUMO_DEFAULT_TYPE" route="vertical" depart="2974" />
    <vehicle id="right_899" type="SUMO_DEFAULT_TYPE" route="horizontal" depart="2976" />
    <vehicle id="left_900" type="SUMO_DEFAULT_TYPE" route="vertical" depart="2979" />
    <vehicle id="right_901" type="SUMO_DEFAULT_TYPE" route="horizontal" depart="2982" />
    <vehicle id="right_902" type="SUMO_DEFAULT_TYPE" route="horizontal" depart="2984" />
    <vehicle id="right_903" type="SUMO_DEFAULT_TYPE" route="horizontal" depart="2994" />
    <vehicle id="right_904" type="SUMO_DEFAULT_TYPE" route="horizontal" depart="2999" />
    <vehicle id="down_905" type="SUMO_DEFAULT_TYPE" route="always_left" depart="3003" color="1,0,0"/>
    <vehicle id="right_906" type="SUMO_DEFAULT_TYPE" route="horizontal" depart="3004" />
    <vehicle id="left_907" type="SUMO_DEFAULT_TYPE" route="vertical" depart="3007" />
    <vehicle id="right_908" type="SUMO_DEFAULT_TYPE" route="horizontal" depart="3016" />
    <vehicle id="left_909" type="SUMO_DEFAULT_TYPE" route="vertical" depart="3022" />
    <vehicle id="right_910" type="SUMO_DEFAULT_TYPE" route="horizontal" depart="3023" />
    <vehicle id="down_911" type="SUMO_DEFAULT_TYPE" route="always_right" depart="3025" color="1,0,0"/>
    <vehicle id="left_912" type="SUMO_DEFAULT_TYPE" route="vertical" depart="3026" />
    <vehicle id="right_913" type="SUMO_DEFAULT_TYPE" route="horizontal" depart="3032" />
    <vehicle id="right_914" type="SUMO_DEFAULT_TYPE" route="horizontal" depart="3037" />
    <vehicle id="right_915" type="SUMO_DEFAULT_TYPE" route="horizontal" depart="3039" />
    <vehicle id="left_916" type="SUMO_DEFAULT_TYPE" route="vertical" depart="3040" />
    <vehicle id="down_917" type="SUMO_DEFAULT_TYPE" route="always_right" depart="3045" color="1,0,0"/>
    <vehicle id="right_918" type="SUMO_DEFAULT_TYPE" route="horizontal" depart="3050" />
    <vehicle id="left_919" type="SUMO_DEFAULT_TYPE" route="vertical" depart="3050" />
    <vehicle id="right_920" type="SUMO_DEFAULT_TYPE" route="horizontal" depart="3052" />
    <vehicle id="down_921" type="SUMO_DEFAULT_TYPE" route="always_right" depart="3055" color="1,0,0"/>
    <vehicle id="down_922" type="SUMO_DEFAULT_TYPE" route="always_right" depart="3057" color="1,0,0"/>
    <vehicle id="left_923" type="SUMO_DEFAULT_TYPE" route="vertical" depart="3058" />
    <vehicle id="left_924" type="SUMO_DEFAULT_TYPE" route="vertical" depart="3063" />
    <vehicle id="down_925" type="SUMO_DEFAULT_TYPE" route="always_left" depart="3063" color="1,0,0"/>
    <vehicle id="left_926" type="SUMO_DEFAULT_TYPE" route="vertical" depart="3076" />
    <vehicle id="down_927" type="SUMO_DEFAULT_TYPE" route="always_left" depart="3076" color="1,0,0"/>
    <vehicle id="right_928" type="SUMO_DEFAULT_TYPE" route="horizontal" depart="3079" />
    <vehicle id="left_929" type="SUMO_DEFAULT_TYPE" route="vertical" depart="3081" />
    <vehicle id="left_930" type="SUMO_DEFAULT_TYPE" route="vertical" depart="3082" />
    <vehicle id="down_931" type="SUMO_DEFAULT_TYPE" route="always_left" depart="3086" color="1,0,0"/>
    <vehicle id="down_932" type="SUMO_DEFAULT_TYPE" route="always_right" depart="3087" color="1,0,0"/>
    <vehicle id="right_933" type="SUMO_DEFAULT_TYPE" route="horizontal" depart="3090" />
    <vehicle id="right_934" type="SUMO_DEFAULT_TYPE" route="horizontal" depart="3097" />
    <vehicle id="right_935" type="SUMO_DEFAULT_TYPE" route="horizontal" depart="3102" />
    <vehicle id="right_936" type="SUMO_DEFAULT_TYPE" route="horizontal" depart="3105" />
    <vehicle id="left_937" type="SUMO_DEFAULT_TYPE" route="vertical" depart="3111" />
    <vehicle id="right_938" type="SUMO_DEFAULT_TYPE" route="horizontal" depart="3115" />
    <vehicle id="down_939" type="SUMO_DEFAULT_TYPE" route="always_right" depart="3123" color="1,0,0"/>
    <vehicle id="right_940" type="SUMO_DEFAULT_TYPE" route="horizontal" depart="3132" />
    <vehicle id="right_941" type="SUMO_DEFAULT_TYPE" route="horizontal" depart="3139" />
    <vehicle id="left_942" type="SUMO_DEFAULT_TYPE" route="vertical" depart="3141" />
    <vehicle id="down_943" type="SUMO_DEFAULT_TYPE" route="always_left" depart="3141" color="1,0,0"/>
    <vehicle id="right_944" type="SUMO_DEFAULT_TYPE" route="horizontal" depart="3142" />
    <vehicle id="left_945" type="SUMO_DEFAULT_TYPE" route="vertical" depart="3151" />
    <vehicle id="left_946" type="SUMO_DEFAULT_TYPE" route="vertical" depart="3158" />
    <vehicle id="right_947" type="SUMO_DEFAULT_TYPE" route="horizontal" depart="3161" />
    <vehicle id="left_948" type="SUMO_DEFAULT_TYPE" route="vertical" depart="3162" />
    <vehicle id="left_949" type="SUMO_DEFAULT_TYPE" route="vertical" depart="3163" />
    <vehicle id="down_950" type="SUMO_DEFAULT_TYPE" route="always_right" depart="3164" color="1,0,0"/>
    <vehicle id="left_951" type="SUMO_DEFAULT_TYPE" route="vertical" depart="3173" />
    <vehicle id="down_952" type="SUMO_DEFAULT_TYPE" route="always_left" depart="3173" color="1,0,0"/>
    <vehicle id="right_953" type="SUMO_DEFAULT_TYPE" route="horizontal" depart="3176" />
    <vehicle id="left_954" type="SUMO_DEFAULT_TYPE" route="vertical" depart="3177" />
    <vehicle id="right_955" type="SUMO_DEFAULT_TYPE" route="horizontal" depart="3178" />
    <vehicle id="right_956" type="SUMO_DEFAULT_TYPE" route="horizontal" depart="3179" />
    <vehicle id="left_957" type="SUMO_DEFAULT_TYPE" route="vertical" depart="3182" />
    <vehicle id="left_958" type="SUMO_DEFAULT_TYPE" route="vertical" depart="3184" />
    <vehicle id="right_959" type="SUMO_DEFAULT_TYPE" route="horizontal" depart="3189" />
    <vehicle id="left_960" type="SUMO_DEFAULT_TYPE" route="vertical" depart="3190" />
    <vehicle id="right_961" type="SUMO_DEFAULT_TYPE" route="horizontal" depart="3191" />
    <vehicle id="right_962" type="SUMO_DEFAULT_TYPE" route="horizontal" depart="3193" />
    <vehicle id="right_963" type="SUMO_DEFAULT_TYPE" route="horizontal" depart="3196" />
    <vehicle id="left_964" type="SUMO_DEFAULT_TYPE" route="vertical" depart="3199" />
    <vehicle id="down_965" type="SUMO_DEFAULT_TYPE" route="always_right" depart="3200" color="1,0,0"/>
    <vehicle id="left_966" type="SUMO_DEFAULT_TYPE" route="vertical" depart="3203" />
    <vehicle id="left_967" type="SUMO_DEFAULT_TYPE" route="vertical" depart="3206" />
    <vehicle id="down_968" type="SUMO_DEFAULT_TYPE" route="always_right" depart="3208" color="1,0,0"/>
    <vehicle id="left_969" type="SUMO_DEFAULT_TYPE" route="vertical" depart="3212" />
    <vehicle id="right_970" type="SUMO_DEFAULT_TYPE" route="horizontal" depart="3216" />
    <vehicle id="down_971" type="SUMO_DEFAULT_TYPE" route="always_left" depart="3218" color="1,0,0"/>
    <vehicle id="right_972" type="SUMO_DEFAULT_TYPE" route="horizontal" depart="3219" />
    <vehicle id="right_973" type="SUMO_DEFAULT_TYPE" route="horizontal" depart="3229" />
    <vehicle id="down_974" type="SUMO_DEFAULT_TYPE" route="always_right" depart="3229" color="1,0,0"/>
    <vehicle id="right_975" type="SUMO_DEFAULT_TYPE" route="horizontal" depart="3234" />
    <vehicle id="down_976" type="SUMO_DEFAULT_TYPE" route="always_left" depart="3237" color="1,0,0"/>
    <vehicle id="right_977" type="SUMO_DEFAULT_TYPE" route="horizontal" depart="3246" />
    <vehicle id="right_978" type="SUMO_DEFAULT_TYPE" route="horizontal" depart="3249" />
    <vehicle id="down_979" type="SUMO_DEFAULT_TYPE" route="always_left" depart="3251" color="1,0,0"/>
    <vehicle id="down_980" type="SUMO_DEFAULT_TYPE" route="always_right" depart="3256" color="1,0,0"/>
    <vehicle id="left_981" type="SUMO_DEFAULT_TYPE" route="vertical" depart="3258" />
    <vehicle id="left_982" type="SUMO_DEFAULT_TYPE" route="vertical" depart="3261" />
    <vehicle id="right_983" type="SUMO_DEFAULT_TYPE" route="horizontal" depart="3267" />
    <vehicle id="left_984" type="SUMO_DEFAULT_TYPE" route="vertical" depart="3267" />
    <vehicle id="down_985" type="SUMO_DEFAULT_TYPE" route="always_left" depart="3267" color="1,0,0"/>
    <vehicle id="right_986" type="SUMO_DEFAULT_TYPE" route="horizontal" depart="3268" />
    <vehicle id="down_987" type="SUMO_DEFAULT_TYPE" route="always_left" depart="3268" color="1,0,0"/>
    <vehicle id="right_988" type="SUMO_DEFAULT_TYPE" route="horizontal" depart="3272" />
    <vehicle id="down_989" type="SUMO_DEFAULT_TYPE" route="always_right" depart="3276" color="1,0,0"/>
    <vehicle id="left_990" type="SUMO_DEFAULT_TYPE" route="vertical" depart="3277" />
    <vehicle id="down_991" type="SUMO_DEFAULT_TYPE" route="always_left" depart="3278" color="1,0,0"/>
    <vehicle id="down_992" type="SUMO_DEFAULT_TYPE" route="always_left" depart="3279" color="1,0,0"/>
    <vehicle id="left_993" type="SUMO_DEFAULT_TYPE" route="vertical" depart="3283" />
    <vehicle id="right_994" type="SUMO_DEFAULT_TYPE" route="horizontal" depart="3302" />
    <vehicle id="down_995" type="SUMO_DEFAULT_TYPE" route="always_left" depart="3303" color="1,0,0"/>
    <vehicle id="down_996" type="SUMO_DEFAULT_TYPE" route="always_right" depart="3306" color="1,0,0"/>
    <vehicle id="right_997" type="SUMO_DEFAULT_TYPE" route="horizontal" depart="3307" />
    <vehicle id="right_998" type="SUMO_DEFAULT_TYPE" route="horizontal" depart="3308" />
    <vehicle id="right_999" type="SUMO_DEFAULT_TYPE" route="horizontal" depart="3312" />
    <vehicle id="down_1000" type="SUMO_DEFAULT_TYPE" route="always_left" depart="3312" color="1,0,0"/>
    <vehicle id="left_1001" type="SUMO_DEFAULT_TYPE" route="vertical" depart="3315" />
    <vehicle id="down_1002" type="SUMO_DEFAULT_TYPE" route="always_left" depart="3315" color="1,0,0"/>
    <vehicle id="left_1003" type="SUMO_DEFAULT_TYPE" route="vertical" depart="3320" />
    <vehicle id="left_1004" type="SUMO_DEFAULT_TYPE" route="vertical" depart="3323" />
    <vehicle id="down_1005" type="SUMO_DEFAULT_TYPE" route="always_right" depart="3326" color="1,0,0"/>
    <vehicle id="right_1006" type="SUMO_DEFAULT_TYPE" route="horizontal" depart="3328" />
    <vehicle id="left_1007" type="SUMO_DEFAULT_TYPE" route="vertical" depart="3332" />
    <vehicle id="down_1008" type="SUMO_DEFAULT_TYPE" route="always_right" depart="3340" color="1,0,0"/>
    <vehicle id="right_1009" type="SUMO_DEFAULT_TYPE" route="horizontal" depart="3341" />
    <vehicle id="left_1010" type="SUMO_DEFAULT_TYPE" route="vertical" depart="3342" />
    <vehicle id="right_1011" type="SUMO_DEFAULT_TYPE" route="horizontal" depart="3346" />
    <vehicle id="left_1012" type="SUMO_DEFAULT_TYPE" route="vertical" depart="3349" />
    <vehicle id="left_1013" type="SUMO_DEFAULT_TYPE" route="vertical" depart="3350" />
    <vehicle id="right_1014" type="SUMO_DEFAULT_TYPE" route="horizontal" depart="3352" />
    <vehicle id="down_1015" type="SUMO_DEFAULT_TYPE" route="always_right" depart="3354" color="1,0,0"/>
    <vehicle id="right_1016" type="SUMO_DEFAULT_TYPE" route="horizontal" depart="3355" />
    <vehicle id="left_1017" type="SUMO_DEFAULT_TYPE" route="vertical" depart="3355" />
    <vehicle id="down_1018" type="SUMO_DEFAULT_TYPE" route="always_right" depart="3374" color="1,0,0"/>
    <vehicle id="left_1019" type="SUMO_DEFAULT_TYPE" route="vertical" depart="3377" />
    <vehicle id="down_1020" type="SUMO_DEFAULT_TYPE" route="always_left" depart="3382" color="1,0,0"/>
    <vehicle id="down_1021" type="SUMO_DEFAULT_TYPE" route="always_left" depart="3400" color="1,0,0"/>
    <vehicle id="left_1022" type="SUMO_DEFAULT_TYPE" route="vertical" depart="3407" />
    <vehicle id="left_1023" type="SUMO_DEFAULT_TYPE" route="vertical" depart="3408" />
    <vehicle id="right_1024" type="SUMO_DEFAULT_TYPE" route="horizontal" depart="3415" />
    <vehicle id="down_1025" type="SUMO_DEFAULT_TYPE" route="always_left" depart="3417" color="1,0,0"/>
    <vehicle id="down_1026" type="SUMO_DEFAULT_TYPE" route="always_left" depart="3418" color="1,0,0"/>
    <vehicle id="right_1027" type="SUMO_DEFAULT_TYPE" route="horizontal" depart="3419" />
    <vehicle id="right_1028" type="SUMO_DEFAULT_TYPE" route="horizontal" depart="3420" />
    <vehicle id="left_1029" type="SUMO_DEFAULT_TYPE" route="vertical" depart="3423" />
    <vehicle id="down_1030" type="SUMO_DEFAULT_TYPE" route="always_right" depart="3430" color="1,0,0"/>
    <vehicle id="left_1031" type="SUMO_DEFAULT_TYPE" route="vertical" depart="3433" />
    <vehicle id="down_1032" type="SUMO_DEFAULT_TYPE" route="always_right" depart="3441" color="1,0,0"/>
    <vehicle id="down_1033" type="SUMO_DEFAULT_TYPE" route="always_left" depart="3442" color="1,0,0"/>
    <vehicle id="right_1034" type="SUMO_DEFAULT_TYPE" route="horizontal" depart="3444" />
    <vehicle id="down_1035" type="SUMO_DEFAULT_TYPE" route="always_left" depart="3445" color="1,0,0"/>
    <vehicle id="right_1036" type="SUMO_DEFAULT_TYPE" route="horizontal" depart="3449" />
    <vehicle id="down_1037" type="SUMO_DEFAULT_TYPE" route="always_left" depart="3452" color="1,0,0"/>
    <vehicle id="right_1038" type="SUMO_DEFAULT_TYPE" route="horizontal" depart="3455" />
    <vehicle id="right_1039" type="SUMO_DEFAULT_TYPE" route="horizontal" depart="3462" />
    <vehicle id="left_1040" type="SUMO_DEFAULT_TYPE" route="vertical" depart="3466" />
    <vehicle id="left_1041" type="SUMO_DEFAULT_TYPE" route="vertical" depart="3467" />
    <vehicle id="right_1042" type="SUMO_DEFAULT_TYPE" route="horizontal" depart="3469" />
    <vehicle id="right_1043" type="SUMO_DEFAULT_TYPE" route="horizontal" depart="3473" />
    <vehicle id="left_1044" type="SUMO_DEFAULT_TYPE" route="vertical" depart="3473" />
    <vehicle id="down_1045" type="SUMO_DEFAULT_TYPE" route="always_right" depart="3473" color="1,0,0"/>
    <vehicle id="down_1046" type="SUMO_DEFAULT_TYPE" route="always_right" depart="3475" color="1,0,0"/>
    <vehicle id="right_1047" type="SUMO_DEFAULT_TYPE" route="horizontal" depart="3478" />
    <vehicle id="right_1048" type="SUMO_DEFAULT_TYPE" route="horizontal" depart="3481" />
    <vehicle id="down_1049" type="SUMO_DEFAULT_TYPE" route="always_left" depart="3484" color="1,0,0"/>
    <vehicle id="right_1050" type="SUMO_DEFAULT_TYPE" route="horizontal" depart="3489" />
    <vehicle id="right_1051" type="SUMO_DEFAULT_TYPE" route="horizontal" depart="3492" />
    <vehicle id="right_1052" type="SUMO_DEFAULT_TYPE" route="horizontal" depart="3494" />
    <vehicle id="right_1053" type="SUMO_DEFAULT_TYPE" route="horizontal" depart="3495" />
    <vehicle id="left_1054" type="SUMO_DEFAULT_TYPE" route="vertical" depart="3499" />
    <vehicle id="right_1055" type="SUMO_DEFAULT_TYPE" route="horizontal" depart="3504" />
    <vehicle id="down_1056" type="SUMO_DEFAULT_TYPE" route="always_left" depart="3513" color="1,0,0"/>
    <vehicle id="right_1057" type="SUMO_DEFAULT_TYPE" route="horizontal" depart="3515" />
    <vehicle id="left_1058" type="SUMO_DEFAULT_TYPE" route="vertical" depart="3519" />
    <vehicle id="left_1059" type="SUMO_DEFAULT_TYPE" route="vertical" depart="3523" />
    <vehicle id="right_1060" type="SUMO_DEFAULT_TYPE" route="horizontal" depart="3527" />
    <vehicle id="right_1061" type="SUMO_DEFAULT_TYPE" route="horizontal" depart="3528" />
    <vehicle id="right_1062" type="SUMO_DEFAULT_TYPE" route="horizontal" depart="3530" />
    <vehicle id="right_1063" type="SUMO_DEFAULT_TYPE" route="horizontal" depart="3531" />
    <vehicle id="right_1064" type="SUMO_DEFAULT_TYPE" route="horizontal" depart="3542" />
    <vehicle id="down_1065" type="SUMO_DEFAULT_TYPE" route="always_left" depart="3542" color="1,0,0"/>
    <vehicle id="right_1066" type="SUMO_DEFAULT_TYPE" route="horizontal" depart="3546" />
    <vehicle id="down_1067" type="SUMO_DEFAULT_TYPE" route="always_left" depart="3547" color="1,0,0"/>
    <vehicle id="left_1068" type="SUMO_DEFAULT_TYPE" route="vertical" depart="3549" />
    <vehicle id="right_1069" type="SUMO_DEFAULT_TYPE" route="horizontal" depart="3550" />
    <vehicle id="right_1070" type="SUMO_DEFAULT_TYPE" route="horizontal" depart="3552" />
    <vehicle id="down_1071" type="SUMO_DEFAULT_TYPE" route="always_right" depart="3552" color="1,0,0"/>
    <vehicle id="right_1072" type="SUMO_DEFAULT_TYPE" route="horizontal" depart="3555" />
    <vehicle id="right_1073" type="SUMO_DEFAULT_TYPE" route="horizontal" depart="3562" />
    <vehicle id="right_1074" type="SUMO_DEFAULT_TYPE" route="horizontal" depart="3565" />
    <vehicle id="down_1075" type="SUMO_DEFAULT_TYPE" route="always_left" depart="3566" color="1,0,0"/>
    <vehicle id="down_1076" type="SUMO_DEFAULT_TYPE" route="always_left" depart="3568" color="1,0,0"/>
    <vehicle id="left_1077" type="SUMO_DEFAULT_TYPE" route="vertical" depart="3570" />
    <vehicle id="right_1078" type="SUMO_DEFAULT_TYPE" route="horizontal" depart="3576" />
    <vehicle id="right_1079" type="SUMO_DEFAULT_TYPE" route="horizontal" depart="3578" />
    <vehicle id="down_1080" type="SUMO_DEFAULT_TYPE" route="always_right" depart="3579" color="1,0,0"/>
    <vehicle id="right_1081" type="SUMO_DEFAULT_TYPE" route="horizontal" depart="3580" />
    <vehicle id="right_1082" type="SUMO_DEFAULT_TYPE" route="horizontal" depart="3589" />
    <vehicle id="left_1083" type="SUMO_DEFAULT_TYPE" route="vertical" depart="3599" />
</routes>
